Aguascalientes,1,Aguascalientes,15
Asientos,2,Asientos,15
Calvillo,3,Calvillo,15
Cosio,4,Cosio,15
Jesus Maria,5,Jesus Maria,15
Pabellon de Arteaga,6,Pabellon de Arteaga,15
Rincon de Romos,7,Rincon de Romos,15
San Jose de Gracia,8,San Jose de Gracia,15
Tepezala,9,Tepezala,15
El Llano,10,Palo Alto,15
San Francisco de los Romo,11,San Francisco de los Romo,15
Ensenada,1,Ensenada,16
Mexicali,2,Mexicali,16
Tecate,3,Tecate,16
Tijuana,4,Tijuana,16
Playas de Rosarito,5,Playas de Rosarito,16
Comondu,1,Ciudad Constitucion,17
Mulege,2,Santa Rosalia,17
La Paz,3,La Paz,17
Los Cabos,8,San Jose del Cabo,17
Loreto,9,Loreto,17
Calkini,1,Calkini,18
Campeche,2,San Francisco de Campeche,18
Carmen,3,Ciudad del Carmen,18
Champoton,4,Champoton,18
Hecelchakan,5,Hecelchakan,18
Hopelchen,6,Hopelchen,18
Palizada,7,Palizada,18
Tenabo,8,Tenabo,18
Escarcega,9,Escarcega,18
Calakmul,10,Xpujil,18
Candelaria,11,Candelaria,18
Abasolo,1,Abasolo,19
Acuna,2,Ciudad Acuna,19
Allende,3,Allende,19
Arteaga,4,Arteaga,19
Candela,5,Candela,19
Castanos,6,Castanos,19
Cuatro Cienegas,7,Cuatro Cienegas de Carranza,19
Escobedo,8,Escobedo,19
Francisco I. Madero,9,Francisco I. Madero (Chavez),19
Frontera,10,Frontera,19
General Cepeda,11,General Cepeda,19
Guerrero,12,Guerrero,19
Hidalgo,13,Hidalgo,19
Jimenez,14,Jimenez,19
Juarez,15,Juarez,19
Lamadrid,16,Lamadrid,19
Matamoros,17,Matamoros,19
Monclova,18,Monclova,19
Morelos,19,Morelos,19
Muzquiz,20,Ciudad Melchor Muzquiz,19
Nadadores,21,Nadadores,19
Nava,22,Nava,19
Ocampo,23,Ocampo,19
Parras,24,Parras de la Fuente,19
Piedras Negras,25,Piedras Negras,19
Progreso,26,Progreso,19
Ramos Arizpe,27,Ramos Arizpe,19
Sabinas,28,Sabinas,19
Sacramento,29,Sacramento,19
Saltillo,30,Saltillo,19
San Buenaventura,31,San Buenaventura,19
San Juan de Sabinas,32,Nueva Rosita,19
San Pedro,33,San Pedro,19
Sierra Mojada,34,Sierra Mojada,19
Torreon,35,Torreon,19
Viesca,36,Viesca,19
Villa Union,37,Villa Union,19
Zaragoza,38,Zaragoza,19
Armeria,1,Ciudad de Armeria,20
Colima,2,Colima,20
Comala,3,Comala,20
Coquimatlan,4,Coquimatlan,20
Cuauhtemoc,5,Cuauhtemoc,20
Ixtlahuacan,6,Ixtlahuacan,20
Manzanillo,7,Manzanillo,20
Minatitlan,8,Minatitlan,20
Tecoman,9,Tecoman,20
Villa de alvarez,10,Ciudad de Villa de alvarez,20
Acacoyagua,1,Acacoyagua,21
Acala,2,Acala,21
Acapetahua,3,Acapetahua,21
Altamirano,4,Altamirano,21
Amatan,5,Amatan,21
Amatenango de la Frontera,6,Amatenango de la Frontera,21
Amatenango del Valle,7,Amatenango del Valle,21
Angel Albino Corzo,8,Jaltenango de la Paz (Angel Albino Corzo),21
Arriaga,9,Arriaga,21
Bejucal de Ocampo,10,Bejucal de Ocampo,21
Bella Vista,11,Bella Vista,21
Berriozabal,12,Berriozabal,21
Bochil,13,Bochil,21
El Bosque,14,El Bosque,21
Cacahoatan,15,Cacahoatan,21
Catazaja,16,Catazaja,21
Cintalapa,17,Cintalapa de Figueroa,21
Coapilla,18,Coapilla,21
Comitan de Dominguez,19,Comitan de Dominguez,21
La Concordia,20,La Concordia,21
Copainala,21,Copainala,21
Chalchihuitan,22,Chalchihuitan,21
Chamula,23,Chamula,21
Chanal,24,Chanal,21
Chapultenango,25,Chapultenango,21
Chenalho,26,Chenalho,21
Chiapa de Corzo,27,Chiapa de Corzo,21
Chiapilla,28,Chiapilla,21
Chicoasen,29,Chicoasen,21
Chicomuselo,30,Chicomuselo,21
Chilon,31,Chilon,21
Escuintla,32,Escuintla,21
Francisco Leon,33,Rivera el Viejo Carmen,21
Frontera Comalapa,34,Frontera Comalapa,21
Frontera Hidalgo,35,Frontera Hidalgo,21
La Grandeza,36,La Grandeza,21
Huehuetan,37,Huehuetan,21
Huixtan,38,Huixtan,21
Huitiupan,39,Huitiupan,21
Huixtla,40,Huixtla,21
La Independencia,41,La Independencia,21
Ixhuatan,42,Ixhuatan,21
Ixtacomitan,43,Ixtacomitan,21
Ixtapa,44,Ixtapa,21
Ixtapangajoya,45,Ixtapangajoya,21
Jiquipilas,46,Jiquipilas,21
Jitotol,47,Jitotol,21
Juarez,48,Juarez,21
Larrainzar,49,Larrainzar,21
La Libertad,50,La Libertad,21
Mapastepec,51,Mapastepec,21
Las Margaritas,52,Las Margaritas,21
Mazapa de Madero,53,Mazapa de Madero,21
Mazatan,54,Mazatan,21
Metapa,55,Metapa de Dominguez,21
Mitontic,56,Mitontic,21
Motozintla,57,Motozintla de Mendoza,21
Nicolas Ruiz,58,Nicolas Ruiz,21
Ocosingo,59,Ocosingo,21
Ocotepec,60,Ocotepec,21
Ocozocoautla de Espinosa,61,Ocozocoautla de Espinosa,21
Ostuacan,62,Ostuacan,21
Osumacinta,63,Osumacinta,21
Oxchuc,64,Oxchuc,21
Palenque,65,Palenque,21
Pantelho,66,Pantelho,21
Pantepec,67,Pantepec,21
Pichucalco,68,Pichucalco,21
Pijijiapan,69,Pijijiapan,21
El Porvenir,70,El Porvenir de Velasco Suarez,21
Villa Comaltitlan,71,Villa Comaltitlan,21
Pueblo Nuevo Solistahuacan,72,Pueblo Nuevo Solistahuacan,21
Rayon,73,Rayon,21
Reforma,74,Reforma,21
Las Rosas,75,Las Rosas,21
Sabanilla,76,Sabanilla,21
Salto de Agua,77,Salto de Agua,21
San Cristobal de las Casas,78,San Cristobal de las Casas,21
San Fernando,79,San Fernando,21
Siltepec,80,Siltepec,21
Simojovel,81,Simojovel de Allende,21
Sitala,82,Sitala,21
Socoltenango,83,Socoltenango,21
Solosuchiapa,84,Solosuchiapa,21
Soyalo,85,Soyalo,21
Suchiapa,86,Suchiapa,21
Suchiate,87,Ciudad Hidalgo,21
Sunuapa,88,Sunuapa,21
Tapachula,89,Tapachula de Cordova y Ordonez,21
Tapalapa,90,Tapalapa,21
Tapilula,91,Tapilula,21
Tecpatan,92,Tecpatan,21
Tenejapa,93,Tenejapa,21
Teopisca,94,Teopisca,21
Tila,96,Tila,21
Tonala,97,Tonala,21
Totolapa,98,Totolapa,21
La Trinitaria,99,La Trinitaria,21
Tumbala,100,Tumbala,21
Tuxtla Gutierrez,101,Tuxtla Gutierrez,21
Tuxtla Chico,102,Tuxtla Chico,21
Tuzantan,103,Tuzantan,21
Tzimol,104,Tzimol,21
Union Juarez,105,Union Juarez,21
Venustiano Carranza,106,Venustiano Carranza,21
Villa Corzo,107,Villa Corzo,21
Villaflores,108,Villaflores,21
Yajalon,109,Yajalon,21
San Lucas,110,San Lucas,21
Zinacantan,111,Zinacantan,21
San Juan Cancuc,112,San Juan Cancuc,21
Aldama,113,Aldama,21
Benemerito de las Americas,114,Benemerito de las Americas,21
Maravilla Tenejapa,115,Maravilla Tenejapa,21
Marques de Comillas,116,Zamora Pico de Oro,21
Montecristo de Guerrero,117,Montecristo de Guerrero,21
San Andres Duraznal,118,San Andres Duraznal,21
Santiago el Pinar,119,Santiago el Pinar,21
Ahumada,1,Miguel Ahumada,22
Aldama,2,Juan Aldama,22
Allende,3,Valle de Ignacio Allende,22
Aquiles Serdan,4,Santa Eulalia,22
Ascension,5,Ascension,22
Bachiniva,6,Bachiniva,22
Balleza,7,Mariano Balleza,22
Batopilas,8,Batopilas,22
Bocoyna,9,Bocoyna,22
Buenaventura,10,San Buenaventura,22
Camargo,11,Santa Rosalia de Camargo,22
Carichi,12,Carichi,22
Casas Grandes,13,Casas Grandes,22
Coronado,14,Jose Esteban Coronado,22
Coyame del Sotol,15,Santiago de Coyame,22
La Cruz,16,La Cruz,22
Cuauhtemoc,17,Cuauhtemoc,22
Cusihuiriachi,18,Cusihuiriachi,22
Chihuahua,19,Chihuahua,22
Chinipas,20,Chinipas de Almada,22
Delicias,21,Delicias,22
Dr. Belisario Dominguez,22,San Lorenzo,22
Galeana,23,Hermenegildo Galeana,22
Santa Isabel,24,Santa Isabel,22
Gomez Farias,25,Valentin Gomez Farias,22
Gran Morelos,26,San Nicolas de Carretas,22
Guachochi,27,Guachochi,22
Guadalupe,28,Guadalupe,22
Guadalupe y Calvo,29,Guadalupe y Calvo,22
Guazapares,30,Temoris,22
Guerrero,31,Vicente Guerrero,22
Hidalgo del Parral,32,Hidalgo del Parral,22
Huejotitan,33,Huejotitan,22
Ignacio Zaragoza,34,Ignacio Zaragoza,22
Janos,35,Janos,22
Jimenez,36,Jose Mariano Jimenez,22
Juarez,37,Juarez,22
Julimes,38,Julimes,22
Lopez,39,Octaviano Lopez,22
Madera,40,Madera,22
Maguarichi,41,Maguarichi,22
Manuel Benavides,42,Manuel Benavides,22
Matachi,43,Matachi,22
Matamoros,44,Mariano Matamoros,22
Meoqui,45,Pedro Meoqui,22
Morelos,46,Morelos,22
Moris,47,Moris,22
Namiquipa,48,Namiquipa,22
Nonoava,49,Nonoava,22
Nuevo Casas Grandes,50,Nuevo Casas Grandes,22
Ocampo,51,Melchor Ocampo,22
Ojinaga,52,Manuel Ojinaga,22
Praxedis G. Guerrero,53,Praxedis G. Guerrero,22
Riva Palacio,54,San Andres,22
Rosales,55,Santa Cruz de Rosales,22
Rosario,56,Valle del Rosario,22
San Francisco de Borja,57,San Francisco de Borja,22
San Francisco de Conchos,58,San Francisco de Conchos,22
San Francisco del Oro,59,San Francisco del Oro,22
Santa Barbara,60,Santa Barbara,22
Satevo,61,San Francisco Javier de Satevo,22
Saucillo,62,Saucillo,22
Temosachic,63,Temosachic,22
El Tule,64,El Tule,22
Urique,65,Urique,22
Uruachi,66,Uruachi,22
Valle de Zaragoza,67,Valle de Zaragoza,22
Azcapotzalco,2,.,23
Coyoacan,3,.,23
Cuajimalpa de Morelos,4,.,23
Gustavo A. Madero,5,.,23
Iztacalco,6,.,23
Iztapalapa,7,.,23
La Magdalena Contreras,8,.,23
Milpa Alta,9,.,23
alvaro Obregon,10,.,23
Tlahuac,11,.,23
Tlalpan,12,.,23
Xochimilco,13,.,23
Benito Juarez,14,.,23
Cuauhtemoc,15,.,23
Miguel Hidalgo,16,.,23
Venustiano Carranza,17,.,23
Canatlan,1,Canatlan,24
Canelas,2,Canelas,24
Coneto de Comonfort,3,Coneto de Comonfort,24
Cuencame,4,Cuencame de Ceniceros,24
Durango,5,Victoria de Durango,24
General Simon Bolivar,6,General Simon Bolivar,24
Gomez Palacio,7,Gomez Palacio,24
Guadalupe Victoria,8,Guadalupe Victoria,24
Guanacevi,9,Guanacevi,24
Hidalgo,10,Villa Hidalgo,24
Inde,11,Inde,24
Lerdo,12,Lerdo,24
Mapimi,13,Mapimi,24
Mezquital,14,San Francisco del Mezquital,24
Nazas,15,Nazas,24
Nombre de Dios,16,Nombre de Dios,24
Ocampo,17,Villa Ocampo,24
El Oro,18,Santa Maria del Oro,24
Otaez,19,Otaez,24
Panuco de Coronado,20,Francisco I. Madero,24
Penon Blanco,21,Penon Blanco,24
Poanas,22,Villa Union,24
Pueblo Nuevo,23,El Salto,24
Rodeo,24,Rodeo,24
San Bernardo,25,San Bernardo,24
San Dimas,26,Tayoltita,24
San Juan de Guadalupe,27,San Juan de Guadalupe,24
San Juan del Rio,28,San Juan del Rio del Centauro del Norte,24
San Luis del Cordero,29,San Luis del Cordero,24
San Pedro del Gallo,30,San Pedro del Gallo,24
Santa Clara,31,Santa Clara,24
Santiago Papasquiaro,32,Santiago Papasquiaro,24
Suchil,33,Suchil,24
Tamazula,34,Tamazula de Victoria,24
Tepehuanes,35,Santa Catarina de Tepehuanes,24
Tlahualilo,36,Tlahualilo de Zaragoza,24
Topia,37,Topia,24
Vicente Guerrero,38,Vicente Guerrero,24
Nuevo Ideal,39,Nuevo Ideal,24
Abasolo,1,Abasolo,25
Acambaro,2,Acambaro,25
San Miguel de Allende,3,San Miguel de Allende,25
Apaseo el Alto,4,Apaseo el Alto,25
Apaseo el Grande,5,Apaseo el Grande,25
Atarjea,6,Atarjea,25
Celaya,7,Celaya,25
Manuel Doblado,8,Ciudad Manuel Doblado,25
Comonfort,9,Comonfort,25
Coroneo,10,Coroneo,25
Cortazar,11,Cortazar,25
Cueramaro,12,Cueramaro,25
Doctor Mora,13,Doctor Mora,25
Dolores Hidalgo Cuna de la Independencia Nacional,14,Dolores Hidalgo Cuna de la Independencia Nacional,25
Guanajuato,15,Guanajuato,25
Huanimaro,16,Huanimaro,25
Irapuato,17,Irapuato,25
Jaral del Progreso,18,Jaral del Progreso,25
Jerecuaro,19,Jerecuaro,25
Leon,20,Leon de los Aldama,25
Moroleon,21,Moroleon,25
Ocampo,22,Ocampo,25
Penjamo,23,Penjamo,25
Pueblo Nuevo,24,Pueblo Nuevo,25
Purisima del Rincon,25,Purisima de Bustos,25
Romita,26,Romita,25
Salamanca,27,Salamanca,25
Salvatierra,28,Salvatierra,25
San Diego de la Union,29,San Diego de la Union,25
San Felipe,30,San Felipe,25
San Francisco del Rincon,31,San Francisco del Rincon,25
San Jose Iturbide,32,San Jose Iturbide,25
San Luis de la Paz,33,San Luis de la Paz,25
Santa Catarina,34,Santa Catarina,25
Santa Cruz de Juventino Rosas,35,Juventino Rosas,25
Santiago Maravatio,36,Santiago Maravatio,25
Silao de la Victoria,37,Silao de la Victoria,25
Tarandacuao,38,Tarandacuao,25
Tarimoro,39,Tarimoro,25
Tierra Blanca,40,Tierra Blanca,25
Uriangato,41,Uriangato,25
Valle de Santiago,42,Valle de Santiago,25
Victoria,43,Victoria,25
Villagran,44,Villagran,25
Xichu,45,Xichu,25
Yuriria,46,Yuriria,25
Acapulco de Juarez,1,Acapulco de Juarez,26
Ahuacuotzingo,2,Ahuacuotzingo,26
Ajuchitlan del Progreso,3,Ajuchitlan del Progreso,26
Alcozauca de Guerrero,4,Alcozauca de Guerrero,26
Alpoyeca,5,Alpoyeca,26
Apaxtla,6,Ciudad Apaxtla de Castrejon,26
Arcelia,7,Arcelia,26
Atenango del Rio,8,Atenango del Rio,26
Atlamajalcingo del Monte,9,Atlamajalcingo del Monte,26
Atlixtac,10,Atlixtac,26
Atoyac de alvarez,11,Atoyac de alvarez,26
Ayutla de los Libres,12,Ayutla de los Libres,26
Azoyu,13,Azoyu,26
Benito Juarez,14,San Jeronimo de Juarez,26
Buenavista de Cuellar,15,Buenavista de Cuellar,26
Coahuayutla de Jose Maria Izazaga,16,Coahuayutla de Guerrero,26
Cocula,17,Cocula,26
Copala,18,Copala,26
Copalillo,19,Copalillo,26
Copanatoyac,20,Copanatoyac,26
Coyuca de Benitez,21,Coyuca de Benitez,26
Coyuca de Catalan,22,Coyuca de Catalan,26
Cuajinicuilapa,23,Cuajinicuilapa,26
Cualac,24,Cualac,26
Cuautepec,25,Cuautepec,26
Cuetzala del Progreso,26,Cuetzala del Progreso,26
Cutzamala de Pinzon,27,Cutzamala de Pinzon,26
Chilapa de alvarez,28,Chilapa de alvarez,26
Chilpancingo de los Bravo,29,Chilpancingo de los Bravo,26
Florencio Villarreal,30,Cruz Grande,26
General Canuto A. Neri,31,Acapetlahuaya,26
General Heliodoro Castillo,32,Tlacotepec,26
Huamuxtitlan,33,Huamuxtitlan,26
Huitzuco de los Figueroa,34,Ciudad de Huitzuco,26
Iguala de la Independencia,35,Iguala de la Independencia,26
Igualapa,36,Igualapa,26
Ixcateopan de Cuauhtemoc,37,Ixcateopan de Cuauhtemoc,26
Zihuatanejo de Azueta,38,Zihuatanejo,26
Juan R. Escudero,39,Tierra Colorada,26
Leonardo Bravo,40,Chichihualco,26
Malinaltepec,41,Malinaltepec,26
Martir de Cuilapan,42,Apango,26
Metlatonoc,43,Metlatonoc,26
Mochitlan,44,Mochitlan,26
Olinala,45,Olinala,26
Ometepec,46,Ometepec,26
Pedro Ascencio Alquisiras,47,Ixcapuzalco,26
Petatlan,48,Petatlan,26
Pilcaya,49,Pilcaya,26
Pungarabato,50,Ciudad Altamirano,26
Quechultenango,51,Quechultenango,26
San Luis Acatlan,52,San Luis Acatlan,26
San Marcos,53,San Marcos,26
San Miguel Totolapan,54,San Miguel Totolapan,26
Taxco de Alarcon,55,Taxco de Alarcon,26
Tecoanapa,56,Tecoanapa,26
Tecpan de Galeana,57,Tecpan de Galeana,26
Teloloapan,58,Teloloapan,26
Tepecoacuilco de Trujano,59,Tepecoacuilco de Trujano,26
Tetipac,60,Tetipac,26
Tixtla de Guerrero,61,Tixtla de Guerrero,26
Tlacoachistlahuaca,62,Tlacoachistlahuaca,26
Tlacoapa,63,Tlacoapa,26
Tlalchapa,64,Tlalchapa,26
Tlalixtaquilla de Maldonado,65,Tlalixtaquilla,26
Tlapa de Comonfort,66,Tlapa de Comonfort,26
Tlapehuala,67,Tlapehuala,26
La Union de Isidoro Montes de Oca,68,La Union,26
Xalpatlahuac,69,Xalpatlahuac,26
Xochihuehuetlan,70,Xochihuehuetlan,26
Xochistlahuaca,71,Xochistlahuaca,26
Zapotitlan Tablas,72,Zapotitlan Tablas,26
Zirandaro,73,Zirandaro de los Chavez,26
Zitlala,74,Zitlala,26
Eduardo Neri,75,Zumpango del Rio,26
Acatepec,76,Acatepec,26
Marquelia,77,Marquelia,26
Cochoapa el Grande,78,Cochoapa el Grande,26
Jose Joaquin de Herrera,79,Hueycantenango,26
Juchitan,80,Juchitan,26
Iliatenco,81,Iliatenco,26
Acatlan,1,Acatlan,27
Acaxochitlan,2,Acaxochitlan,27
Actopan,3,Actopan,27
Agua Blanca de Iturbide,4,Agua Blanca Iturbide,27
Ajacuba,5,Ajacuba,27
Alfajayucan,6,Alfajayucan,27
Almoloya,7,Almoloya,27
Apan,8,Apan,27
El Arenal,9,El Arenal,27
Atitalaquia,10,Atitalaquia,27
Atlapexco,11,Atlapexco,27
Atotonilco el Grande,12,Atotonilco el Grande,27
Atotonilco de Tula,13,Atotonilco de Tula,27
Calnali,14,Calnali,27
Cardonal,15,Cardonal,27
Cuautepec de Hinojosa,16,Cuautepec de Hinojosa,27
Chapantongo,17,Chapantongo,27
Chapulhuacan,18,Chapulhuacan,27
Chilcuautla,19,Chilcuautla,27
Eloxochitlan,20,Eloxochitlan,27
Emiliano Zapata,21,Emiliano Zapata,27
Epazoyucan,22,Epazoyucan,27
Francisco I. Madero,23,Tepatepec,27
Huasca de Ocampo,24,Huasca de Ocampo,27
Huautla,25,Huautla,27
Huazalingo,26,Huazalingo,27
Huehuetla,27,Huehuetla,27
Huejutla de Reyes,28,Huejutla de Reyes,27
Huichapan,29,Huichapan,27
Ixmiquilpan,30,Ixmiquilpan,27
Jacala de Ledezma,31,Jacala,27
Jaltocan,32,Jaltocan,27
Juarez Hidalgo,33,Juarez,27
Lolotla,34,Lolotla,27
Metepec,35,Metepec,27
San Agustin Metzquititlan,36,Mezquititlan,27
Metztitlan,37,Metztitlan,27
Mineral del Chico,38,Mineral del Chico,27
Mineral del Monte,39,Mineral del Monte,27
La Mision,40,La Mision,27
Mixquiahuala de Juarez,41,Mixquiahuala,27
Molango de Escamilla,42,Molango,27
Nicolas Flores,43,Nicolas Flores,27
Nopala de Villagran,44,Nopala,27
Omitlan de Juarez,45,Omitlan de Juarez,27
San Felipe Orizatlan,46,Orizatlan,27
Pacula,47,Pacula,27
Pachuca de Soto,48,Pachuca de Soto,27
Pisaflores,49,Pisaflores,27
Progreso de Obregon,50,Progreso,27
Mineral de la Reforma,51,Pachuquilla,27
San Agustin Tlaxiaca,52,San Agustin Tlaxiaca,27
San Bartolo Tutotepec,53,San Bartolo Tutotepec,27
San Salvador,54,San Salvador,27
Santiago de Anaya,55,Santiago de Anaya,27
Santiago Tulantepec de Lugo Guerrero,56,Santiago Tulantepec,27
Singuilucan,57,Singuilucan,27
Tasquillo,58,Tasquillo,27
Tecozautla,59,Tecozautla,27
Tenango de Doria,60,Tenango de Doria,27
Tepeapulco,61,Tepeapulco,27
Tepehuacan de Guerrero,62,Tepehuacan de Guerrero,27
Tepeji del Rio de Ocampo,63,Tepeji del Rio de Ocampo,27
Tepetitlan,64,Tepetitlan,27
Tetepango,65,Tetepango,27
Villa de Tezontepec,66,Tezontepec,27
Tezontepec de Aldama,67,Tezontepec de Aldama,27
Tianguistengo,68,Tianguistengo,27
Tizayuca,69,Tizayuca,27
Tlahuelilpan,70,Tlahuelilpan,27
Tlahuiltepa,71,Tlahuiltepa,27
Tlanalapa,72,Tlanalapa,27
Tlanchinol,73,Tlanchinol,27
Tlaxcoapan,74,Tlaxcoapan,27
Tolcayuca,75,Tolcayuca,27
Tula de Allende,76,Tula de Allende,27
Tulancingo de Bravo,77,Tulancingo,27
Xochiatipan,78,Xochiatipan,27
Xochicoatlan,79,Xochicoatlan,27
Yahualica,80,Yahualica,27
Zacualtipan de angeles,81,Zacualtipan,27
Zapotlan de Juarez,82,Zapotlan de Juarez,27
Zempoala,83,Zempoala,27
Zimapan,84,Zimapan,27
Acatic,1,Acatic,28
Acatlan de Juarez,2,Acatlan de Juarez,28
Ahualulco de Mercado,3,Ahualulco de Mercado,28
Amacueca,4,Amacueca,28
Amatitan,5,Amatitan,28
Ameca,6,Ameca,28
San Juanito de Escobedo,7,San Juanito de Escobedo,28
Arandas,8,Arandas,28
El Arenal,9,El Arenal,28
Atemajac de Brizuela,10,Atemajac de Brizuela,28
Atengo,11,Atengo,28
Atenguillo,12,Atenguillo,28
Atotonilco el Alto,13,Atotonilco el Alto,28
Atoyac,14,Atoyac,28
Autlan de Navarro,15,Autlan de Navarro,28
Ayotlan,16,Ayotlan,28
Ayutla,17,Ayutla,28
La Barca,18,La Barca,28
Bolanos,19,Bolanos,28
Cabo Corrientes,20,El Tuito,28
Casimiro Castillo,21,La Resolana,28
Cihuatlan,22,Cihuatlan,28
Zapotlan el Grande,23,Ciudad Guzman,28
Cocula,24,Cocula,28
Colotlan,25,Colotlan,28
Concepcion de Buenos Aires,26,Concepcion de Buenos Aires,28
Cuautitlan de Garcia Barragan,27,Cuautitlan de Garcia Barragan,28
Cuautla,28,Cuautla,28
Cuquio,29,Cuquio,28
Chapala,30,Chapala,28
Chimaltitan,31,Chimaltitan,28
Chiquilistlan,32,Chiquilistlan,28
Degollado,33,Degollado,28
Ejutla,34,Ejutla,28
Encarnacion de Diaz,35,Encarnacion de Diaz,28
Etzatlan,36,Etzatlan,28
El Grullo,37,El Grullo,28
Guachinango,38,Guachinango,28
Guadalajara,39,Guadalajara,28
Hostotipaquillo,40,Hostotipaquillo,28
Huejucar,41,Huejucar,28
Huejuquilla el Alto,42,Huejuquilla el Alto,28
La Huerta,43,La Huerta,28
Ixtlahuacan de los Membrillos,44,Ixtlahuacan de los Membrillos,28
Ixtlahuacan del Rio,45,Ixtlahuacan del Rio,28
Jalostotitlan,46,Jalostotitlan,28
Jamay,47,Jamay,28
Jesus Maria,48,Jesus Maria,28
Jilotlan de los Dolores,49,Jilotlan de los Dolores,28
Jocotepec,50,Jocotepec,28
Juanacatlan,51,Juanacatlan,28
Juchitlan,52,Juchitlan,28
Lagos de Moreno,53,Lagos de Moreno,28
El Limon,54,El Limon,28
Magdalena,55,Magdalena,28
Santa Maria del Oro,56,Santa Maria del Oro,28
La Manzanilla de la Paz,57,La Manzanilla de la Paz,28
Mascota,58,Mascota,28
Mazamitla,59,Mazamitla,28
Mexticacan,60,Mexticacan,28
Mezquitic,61,Mezquitic,28
Mixtlan,62,Mixtlan,28
Ocotlan,63,Ocotlan,28
Ojuelos de Jalisco,64,Ojuelos de Jalisco,28
Pihuamo,65,Pihuamo,28
Poncitlan,66,Poncitlan,28
Puerto Vallarta,67,Puerto Vallarta,28
Villa Purificacion,68,Villa Purificacion,28
Quitupan,69,Quitupan,28
El Salto,70,El Salto,28
San Cristobal de la Barranca,71,San Cristobal de la Barranca,28
San Diego de Alejandria,72,San Diego de Alejandria,28
San Juan de los Lagos,73,San Juan de los Lagos,28
San Julian,74,San Julian,28
San Marcos,75,San Marcos,28
San Martin de Bolanos,76,San Martin de Bolanos,28
San Martin Hidalgo,77,San Martin Hidalgo,28
San Miguel el Alto,78,San Miguel el Alto,28
Gomez Farias,79,San Sebastian del Sur,28
San Sebastian del Oeste,80,San Sebastian del Oeste,28
Santa Maria de los angeles,81,Santa Maria de los angeles,28
Sayula,82,Sayula,28
Tala,83,Tala,28
Talpa de Allende,84,Talpa de Allende,28
Tamazula de Gordiano,85,Tamazula de Gordiano,28
Tapalpa,86,Tapalpa,28
Tecalitlan,87,Tecalitlan,28
Tecolotlan,88,Tecolotlan,28
Techaluta de Montenegro,89,Techaluta de Montenegro,28
Tenamaxtlan,90,Tenamaxtlan,28
Teocaltiche,91,Teocaltiche,28
Teocuitatlan de Corona,92,Teocuitatlan de Corona,28
Tepatitlan de Morelos,93,Tepatitlan de Morelos,28
Tequila,94,Tequila,28
Teuchitlan,95,Teuchitlan,28
Tizapan el Alto,96,Tizapan el Alto,28
Tlajomulco de Zuniga,97,Tlajomulco de Zuniga,28
San Pedro Tlaquepaque,98,Tlaquepaque,28
Toliman,99,Toliman,28
Tomatlan,100,Tomatlan,28
Tonala,101,Tonala,28
Tonaya,102,Tonaya,28
Tonila,103,Tonila,28
Totatiche,104,Totatiche,28
Tototlan,105,Tototlan,28
Tuxcacuesco,106,Tuxcacuesco,28
Tuxcueca,107,Tuxcueca,28
Tuxpan,108,Tuxpan,28
Union de San Antonio,109,Union de San Antonio,28
Union de Tula,110,Union de Tula,28
Valle de Guadalupe,111,Valle de Guadalupe,28
Valle de Juarez,112,Valle de Juarez,28
San Gabriel,113,San Gabriel,28
Villa Corona,114,Villa Corona,28
Villa Guerrero,115,Villa Guerrero,28
Villa Hidalgo,116,Villa Hidalgo,28
Canadas de Obregon,117,Canadas de Obregon,28
Yahualica de Gonzalez Gallo,118,Yahualica de Gonzalez Gallo,28
Zacoalco de Torres,119,Zacoalco de Torres,28
Zapopan,120,Zapopan,28
Zapotiltic,121,Zapotiltic,28
Zapotitlan de Vadillo,122,Zapotitlan de Vadillo,28
Zapotlan del Rey,123,Zapotlan del Rey,28
Zapotlanejo,124,Zapotlanejo,28
San Ignacio Cerro Gordo,125,San Ignacio Cerro Gordo,28
Acambay de Ruiz Castaneda,1,Villa de Acambay de Ruiz Castaneda,29
Acolman,2,Acolman de Nezahualcoyotl,29
Aculco,3,Aculco de Espinoza,29
Almoloya de Alquisiras,4,Almoloya de Alquisiras,29
Almoloya de Juarez,5,Villa de Almoloya de Juarez,29
Almoloya del Rio,6,Almoloya del Rio,29
Amanalco,7,Amanalco de Becerra,29
Amatepec,8,Amatepec,29
Amecameca,9,Amecameca de Juarez,29
Apaxco,10,Apaxco de Ocampo,29
Atenco,11,San Salvador Atenco,29
Atizapan,12,Santa Cruz Atizapan,29
Atizapan de Zaragoza,13,Ciudad Lopez Mateos,29
Atlacomulco,14,Atlacomulco de Fabela,29
Atlautla,15,Atlautla de Victoria,29
Axapusco,16,Axapusco,29
Ayapango,17,Ayapango de Gabriel Ramos M.,29
Calimaya,18,Calimaya de Diaz Gonzalez,29
Capulhuac,19,Capulhuac de Mirafuentes,29
Coacalco de Berriozabal,20,San Francisco Coacalco,29
Coatepec Harinas,21,Coatepec Harinas,29
Cocotitlan,22,Cocotitlan,29
Coyotepec,23,Coyotepec,29
Cuautitlan,24,Cuautitlan,29
Chalco,25,Chalco de Diaz Covarrubias,29
Chapa de Mota,26,Chapa de Mota,29
Chapultepec,27,Chapultepec,29
Chiautla,28,Chiautla,29
Chicoloapan,29,Chicoloapan de Juarez,29
Chiconcuac,30,Chiconcuac de Juarez,29
Chimalhuacan,31,Chimalhuacan,29
Donato Guerra,32,Villa Donato Guerra,29
Ecatepec de Morelos,33,Ecatepec de Morelos,29
Ecatzingo,34,Ecatzingo de Hidalgo,29
Huehuetoca,35,Huehuetoca,29
Hueypoxtla,36,Hueypoxtla,29
Huixquilucan,37,Huixquilucan de Degollado,29
Isidro Fabela,38,Tlazala de Fabela,29
Ixtapaluca,39,Ixtapaluca,29
Ixtapan de la Sal,40,Ixtapan de la Sal,29
Ixtapan del Oro,41,Ixtapan del Oro,29
Ixtlahuaca,42,Ixtlahuaca de Rayon,29
Xalatlaco,43,Xalatlaco,29
Jaltenco,44,Jaltenco,29
Jilotepec,45,Jilotepec de Molina Enriquez,29
Jilotzingo,46,Santa Ana Jilotzingo,29
Jiquipilco,47,Jiquipilco,29
Jocotitlan,48,Ciudad de Jocotitlan,29
Joquicingo,49,Joquicingo de Leon Guzman,29
Juchitepec,50,Juchitepec de Mariano Rivapalacio,29
Lerma,51,Lerma de Villada,29
Malinalco,52,Malinalco,29
Melchor Ocampo,53,Melchor Ocampo,29
Metepec,54,Metepec,29
Mexicaltzingo,55,San Mateo Mexicaltzingo,29
Morelos,56,San Bartolo Morelos,29
Naucalpan de Juarez,57,Naucalpan de Juarez,29
Nezahualcoyotl,58,Ciudad Nezahualcoyotl,29
Nextlalpan,59,Santa Ana Nextlalpan,29
Nicolas Romero,60,Ciudad Nicolas Romero,29
Nopaltepec,61,Nopaltepec,29
Ocoyoacac,62,Ocoyoacac,29
Ocuilan,63,Ocuilan de Arteaga,29
El Oro,64,El Oro de Hidalgo,29
Otumba,65,Otumba de Gomez Farias,29
Otzoloapan,66,Otzoloapan,29
Otzolotepec,67,Villa Cuauhtemoc,29
Ozumba,68,Ozumba de Alzate,29
Papalotla,69,Papalotla,29
La Paz,70,Los Reyes Acaquilpan,29
Polotitlan,71,Polotitlan de la Ilustracion,29
Rayon,72,Santa Maria Rayon,29
San Antonio la Isla,73,San Antonio la Isla,29
San Felipe del Progreso,74,San Felipe del Progreso,29
San Martin de las Piramides,75,San Martin de las Piramides,29
San Mateo Atenco,76,San Mateo Atenco,29
San Simon de Guerrero,77,San Simon de Guerrero,29
Santo Tomas,78,Santo Tomas de los Platanos,29
Soyaniquilpan de Juarez,79,San Francisco Soyaniquilpan,29
Sultepec,80,Sultepec de Pedro Ascencio de Alquisiras,29
Tecamac,81,Tecamac de Felipe Villanueva,29
Tejupilco,82,Tejupilco de Hidalgo,29
Temamatla,83,Temamatla,29
Temascalapa,84,Temascalapa,29
Temascalcingo,85,Temascalcingo de Jose Maria Velasco,29
Temascaltepec,86,Temascaltepec de Gonzalez,29
Temoaya,87,Temoaya,29
Tenancingo,88,Tenancingo de Degollado,29
Tenango del Aire,89,Tenango del Aire,29
Tenango del Valle,90,Tenango de Arista,29
Teoloyucan,91,Teoloyucan,29
Teotihuacan,92,Teotihuacan de Arista,29
Tepetlaoxtoc,93,Tepetlaoxtoc de Hidalgo,29
Tepetlixpa,94,Tepetlixpa,29
Tepotzotlan,95,Tepotzotlan,29
Tequixquiac,96,Tequixquiac,29
Texcaltitlan,97,Texcaltitlan,29
Texcalyacac,98,San Mateo Texcalyacac,29
Texcoco,99,Texcoco de Mora,29
Tezoyuca,100,Tezoyuca,29
Tianguistenco,101,Santiago Tianguistenco de Galeana,29
Timilpan,102,San Andres Timilpan,29
Tlalmanalco,103,Tlalmanalco de Velazquez,29
Tlalnepantla de Baz,104,Tlalnepantla,29
Tlatlaya,105,Tlatlaya,29
Toluca,106,Toluca de Lerdo,29
Tonatico,107,Tonatico,29
Tultepec,108,Tultepec,29
Tultitlan,109,Tultitlan de Mariano Escobedo,29
Valle de Bravo,110,Valle de Bravo,29
Villa de Allende,111,San Jose Villa de Allende,29
Villa del Carbon,112,Villa del Carbon,29
Villa Guerrero,113,Villa Guerrero,29
Villa Victoria,114,Villa Victoria,29
Xonacatlan,115,Xonacatlan,29
Zacazonapan,116,Zacazonapan,29
Zacualpan,117,Zacualpan,29
Zinacantepec,118,San Miguel Zinacantepec,29
Zumpahuacan,119,Zumpahuacan,29
Zumpango,120,Zumpango de Ocampo,29
Cuautitlan Izcalli,121,Cuautitlan Izcalli,29
Valle de Chalco Solidaridad,122,Xico,29
Luvianos,123,Villa Luvianos,29
San Jose del Rincon,124,San Jose del Rincon Centro,29
Tonanitla,125,Santa Maria Tonanitla,29
Acuitzio,1,Acuitzio del Canje,30
Aguililla,2,Aguililla,30
alvaro Obregon,3,alvaro Obregon,30
Angamacutiro,4,Angamacutiro de la Union,30
Angangueo,5,Mineral de Angangueo,30
Apatzingan,6,Apatzingan de la Constitucion,30
Aporo,7,Aporo,30
Aquila,8,Aquila,30
Ario,9,Ario de Rosales,30
Arteaga,10,Arteaga,30
Brisenas,11,Brisenas de Matamoros,30
Buenavista,12,Buenavista Tomatlan,30
Caracuaro,13,Caracuaro de Morelos,30
Coahuayana,14,Coahuayana de Hidalgo,30
Coalcoman de Vazquez Pallares,15,Coalcoman de Vazquez Pallares,30
Coeneo,16,Coeneo de la Libertad,30
Contepec,17,Contepec,30
Copandaro,18,Copandaro de Galeana,30
Cotija,19,Cotija de la Paz,30
Cuitzeo,20,Cuitzeo del Porvenir,30
Charapan,21,Charapan,30
Charo,22,Charo,30
Chavinda,23,Chavinda,30
Cheran,24,Cheran,30
Chilchota,25,Chilchota,30
Chinicuila,26,Villa Victoria,30
Chucandiro,27,Chucandiro,30
Churintzio,28,Churintzio,30
Churumuco,29,Churumuco de Morelos,30
Ecuandureo,30,Ecuandureo,30
Epitacio Huerta,31,Epitacio Huerta,30
Erongaricuaro,32,Erongaricuaro,30
Gabriel Zamora,33,Lombardia,30
Hidalgo,34,Ciudad Hidalgo,30
La Huacana,35,La Huacana,30
Huandacareo,36,Huandacareo,30
Huaniqueo,37,Huaniqueo de Morales,30
Huetamo,38,Huetamo de Nunez,30
Huiramba,39,Huiramba,30
Indaparapeo,40,Indaparapeo,30
Irimbo,41,Irimbo,30
Ixtlan,42,Ixtlan de los Hervores,30
Jacona,43,Jacona de Plancarte,30
Jimenez,44,Villa Jimenez,30
Jiquilpan,45,Jiquilpan de Juarez,30
Juarez,46,Benito Juarez,30
Jungapeo,47,Jungapeo de Juarez,30
Lagunillas,48,Lagunillas,30
Madero,49,Villa Madero,30
Maravatio,50,Maravatio de Ocampo,30
Marcos Castellanos,51,San Jose de Gracia,30
Lazaro Cardenas,52,Ciudad Lazaro Cardenas,30
Morelia,53,Morelia,30
Morelos,54,Villa Morelos,30
Mugica,55,Nueva Italia de Ruiz,30
Nahuatzen,56,Nahuatzen,30
Nocupetaro,57,Nocupetaro de Morelos,30
Nuevo Parangaricutiro,58,Nuevo San Juan Parangaricutiro,30
Nuevo Urecho,59,Nuevo Urecho,30
Numaran,60,Numaran,30
Ocampo,61,Ocampo,30
Pajacuaran,62,Pajacuaran,30
Panindicuaro,63,Panindicuaro,30
Paracuaro,64,Paracuaro,30
Paracho,65,Paracho de Verduzco,30
Patzcuaro,66,Patzcuaro,30
Penjamillo,67,Penjamillo de Degollado,30
Periban,68,Periban de Ramos,30
La Piedad,69,La Piedad de Cabadas,30
Purepero,70,Purepero de Echaiz,30
Puruandiro,71,Puruandiro,30
Querendaro,72,Querendaro,30
Quiroga,73,Quiroga,30
Cojumatlan de Regules,74,Cojumatlan de Regules,30
Los Reyes,75,Los Reyes de Salgado,30
Sahuayo,76,Sahuayo de Morelos,30
San Lucas,77,San Lucas,30
Santa Ana Maya,78,Santa Ana Maya,30
Salvador Escalante,79,Santa Clara del Cobre,30
Senguio,80,Senguio,30
Susupuato,81,Susupuato de Guerrero,30
Tacambaro,82,Tacambaro de Codallos,30
Tancitaro,83,Tancitaro,30
Tangamandapio,84,Santiago Tangamandapio,30
Tangancicuaro,85,Tangancicuaro de Arista,30
Tanhuato,86,Tanhuato de Guerrero,30
Taretan,87,Taretan,30
Tarimbaro,88,Tarimbaro,30
Tepalcatepec,89,Tepalcatepec,30
Tingambato,90,Tingambato,30
Tinguindin,91,Tinguindin,30
Tiquicheo de Nicolas Romero,92,Tiquicheo,30
Tlalpujahua,93,Tlalpujahua de Rayon,30
Tlazazalca,94,Tlazazalca,30
Tocumbo,95,Tocumbo,30
Tumbiscatio,96,Tumbiscatio de Ruiz,30
Turicato,97,Turicato,30
Tuxpan,98,Tuxpan,30
Tuzantla,99,Tuzantla,30
Tzintzuntzan,100,Tzintzuntzan,30
Tzitzio,101,Tzitzio,30
Uruapan,102,Uruapan,30
Venustiano Carranza,103,Venustiano Carranza,30
Villamar,104,Villamar,30
Vista Hermosa,105,Vista Hermosa de Negrete,30
Yurecuaro,106,Yurecuaro,30
Zacapu,107,Zacapu,30
Zamora,108,Zamora de Hidalgo,30
Zinaparo,109,Zinaparo,30
Zinapecuaro,110,Zinapecuaro de Figueroa,30
Ziracuaretiro,111,Ziracuaretiro,30
Zitacuaro,112,Heroica Zitacuaro,30
Jose Sixto Verduzco,113,Pastor Ortiz,30
Amacuzac,1,Amacuzac,31
Atlatlahucan,2,Atlatlahucan,31
Axochiapan,3,Axochiapan,31
Ayala,4,Ciudad Ayala,31
Coatlan del Rio,5,Coatlan del Rio,31
Cuautla,6,Cuautla,31
Cuernavaca,7,Cuernavaca,31
Emiliano Zapata,8,Emiliano Zapata,31
Huitzilac,9,Huitzilac,31
Jantetelco,10,Jantetelco,31
Jiutepec,11,Jiutepec,31
Jojutla,12,Jojutla,31
Jonacatepec,13,Jonacatepec,31
Mazatepec,14,Mazatepec,31
Miacatlan,15,Miacatlan,31
Ocuituco,16,Ocuituco,31
Puente de Ixtla,17,Puente de Ixtla,31
Temixco,18,Temixco,31
Tepalcingo,19,Tepalcingo,31
Tepoztlan,20,Tepoztlan,31
Tetecala,21,Tetecala,31
Tetela del Volcan,22,Tetela del Volcan,31
Tlalnepantla,23,Tlalnepantla,31
Tlaltizapan de Zapata,24,Tlaltizapan,31
Tlaquiltenango,25,Tlaquiltenango,31
Tlayacapan,26,Tlayacapan,31
Totolapan,27,Totolapan,31
Xochitepec,28,Xochitepec,31
Yautepec,29,Yautepec de Zaragoza,31
Yecapixtla,30,Yecapixtla,31
Zacatepec,31,Zacatepec de Hidalgo,31
Zacualpan de Amilpas,32,Zacualpan de Amilpas,31
Temoac,33,Temoac,31
Acaponeta,1,Acaponeta,32
Ahuacatlan,2,Ahuacatlan,32
Amatlan de Canas,3,Amatlan de Canas,32
Compostela,4,Compostela,32
Huajicori,5,Huajicori,32
Ixtlan del Rio,6,Ixtlan del Rio,32
Jala,7,Jala,32
Xalisco,8,Xalisco,32
Del Nayar,9,Jesus Maria,32
Rosamorada,10,Rosamorada,32
Ruiz,11,Ruiz,32
San Blas,12,San Blas,32
San Pedro Lagunillas,13,San Pedro Lagunillas,32
Santa Maria del Oro,14,Santa Maria del Oro,32
Santiago Ixcuintla,15,Santiago Ixcuintla,32
Tecuala,16,Tecuala,32
Tepic,17,Tepic,32
Tuxpan,18,Tuxpan,32
La Yesca,19,La Yesca,32
Bahia de Banderas,20,Valle de Banderas,32
Abasolo,1,Abasolo,33
Agualeguas,2,Agualeguas,33
Los Aldamas,3,Los Aldamas,33
Allende,4,Ciudad de Allende,33
Anahuac,5,Anahuac,33
Apodaca,6,Ciudad Apodaca,33
Aramberri,7,Aramberri,33
Bustamante,8,Bustamante,33
Cadereyta Jimenez,9,Cadereyta Jimenez,33
El Carmen,10,Carmen,33
Cerralvo,11,Ciudad Cerralvo,33
Cienega de Flores,12,Cienega de Flores,33
China,13,China,33
Doctor Arroyo,14,Doctor Arroyo,33
Doctor Coss,15,Doctor Coss,33
Doctor Gonzalez,16,Doctor Gonzalez,33
Galeana,17,Galeana,33
Garcia,18,Garcia,33
San Pedro Garza Garcia,19,San Pedro Garza Garcia,33
General Bravo,20,General Bravo,33
General Escobedo,21,Ciudad General Escobedo,33
General Teran,22,Ciudad General Teran,33
General Trevino,23,General Trevino,33
General Zaragoza,24,General Zaragoza,33
General Zuazua,25,General Zuazua,33
Guadalupe,26,Guadalupe,33
Los Herreras,27,Los Herreras,33
Higueras,28,Higueras,33
Hualahuises,29,Hualahuises,33
Iturbide,30,Iturbide,33
Juarez,31,Ciudad Benito Juarez,33
Lampazos de Naranjo,32,Lampazos de Naranjo,33
Linares,33,Linares,33
Marin,34,Marin,33
Melchor Ocampo,35,Melchor Ocampo,33
Mier y Noriega,36,Mier y Noriega,33
Mina,37,Mina,33
Montemorelos,38,Montemorelos,33
Monterrey,39,Monterrey,33
Paras,40,Paras,33
Pesqueria,41,Pesqueria,33
Los Ramones,42,Los Ramones,33
Rayones,43,Rayones,33
Sabinas Hidalgo,44,Ciudad Sabinas Hidalgo,33
Salinas Victoria,45,Salinas Victoria,33
San Nicolas de los Garza,46,San Nicolas de los Garza,33
Hidalgo,47,Hidalgo,33
Santa Catarina,48,Ciudad Santa Catarina,33
Santiago,49,Santiago,33
Vallecillo,50,Vallecillo,33
Villaldama,51,Ciudad de Villaldama,33
Abejones,1,Abejones,34
Acatlan de Perez Figueroa,2,Acatlan de Perez Figueroa,34
Asuncion Cacalotepec,3,Asuncion Cacalotepec,34
Asuncion Cuyotepeji,4,Asuncion Cuyotepeji,34
Asuncion Ixtaltepec,5,Asuncion Ixtaltepec,34
Asuncion Nochixtlan,6,Asuncion Nochixtlan,34
Asuncion Ocotlan,7,Asuncion Ocotlan,34
Asuncion Tlacolulita,8,Asuncion Tlacolulita,34
Ayotzintepec,9,Ayotzintepec,34
El Barrio de la Soledad,10,El Barrio de la Soledad,34
Calihuala,11,Calihuala,34
Candelaria Loxicha,12,Candelaria Loxicha,34
Cienega de Zimatlan,13,Cienega de Zimatlan,34
Ciudad Ixtepec,14,Ciudad Ixtepec,34
Coatecas Altas,15,Coatecas Altas,34
Coicoyan de las Flores,16,Coicoyan de las Flores,34
La Compania,17,La Compania,34
Concepcion Buenavista,18,Concepcion Buenavista,34
Concepcion Papalo,19,Concepcion Papalo,34
Constancia del Rosario,20,Constancia del Rosario,34
Cosolapa,21,Cosolapa,34
Cosoltepec,22,Cosoltepec,34
Cuilapam de Guerrero,23,Cuilapam de Guerrero,34
Cuyamecalco Villa de Zaragoza,24,Cuyamecalco Villa de Zaragoza,34
Chahuites,25,Chahuites,34
Chalcatongo de Hidalgo,26,Chalcatongo de Hidalgo,34
Chiquihuitlan de Benito Juarez,27,Chiquihuitlan de Benito Juarez,34
Heroica Ciudad de Ejutla de Crespo,28,Heroica Ciudad de Ejutla de Crespo,34
Eloxochitlan de Flores Magon,29,Eloxochitlan de Flores Magon,34
El Espinal,30,El Espinal,34
Tamazulapam del Espiritu Santo,31,Tamazulapam del Espiritu Santo,34
Fresnillo de Trujano,32,Fresnillo de Trujano,34
Guadalupe Etla,33,Guadalupe Etla,34
Guadalupe de Ramirez,34,Guadalupe de Ramirez,34
Guelatao de Juarez,35,Guelatao de Juarez,34
Guevea de Humboldt,36,Guevea de Humboldt,34
Mesones Hidalgo,37,Mesones Hidalgo,34
Villa Hidalgo,38,Villa Hidalgo,34
Heroica Ciudad de Huajuapan de Leon,39,Heroica Ciudad de Huajuapan de Leon,34
Huautepec,40,Huautepec,34
Huautla de Jimenez,41,Huautla de Jimenez,34
Ixtlan de Juarez,42,Ixtlan de Juarez,34
Heroica Ciudad de Juchitan de Zaragoza,43,Heroica Ciudad de Juchitan de Zaragoza,34
Loma Bonita,44,Loma Bonita,34
Magdalena Apasco,45,Magdalena Apasco,34
Magdalena Jaltepec,46,Magdalena Jaltepec,34
Santa Magdalena Jicotlan,47,Santa Magdalena Jicotlan,34
Magdalena Mixtepec,48,Magdalena Mixtepec,34
Magdalena Ocotlan,49,Magdalena Ocotlan,34
Magdalena Penasco,50,Magdalena Penasco,34
Magdalena Teitipac,51,Magdalena Teitipac,34
Magdalena Tequisistlan,52,Magdalena Tequisistlan,34
Magdalena Tlacotepec,53,Magdalena Tlacotepec,34
Magdalena Zahuatlan,54,Magdalena Zahuatlan,34
Mariscala de Juarez,55,Mariscala de Juarez,34
Martires de Tacubaya,56,Martires de Tacubaya,34
Matias Romero Avendano,57,Matias Romero Avendano,34
Mazatlan Villa de Flores,58,Mazatlan Villa de Flores,34
Miahuatlan de Porfirio Diaz,59,Miahuatlan de Porfirio Diaz,34
Mixistlan de la Reforma,60,Mixistlan de la Reforma,34
Monjas,61,Monjas,34
Natividad,62,Natividad,34
Nazareno Etla,63,Nazareno Etla,34
Nejapa de Madero,64,Nejapa de Madero,34
Ixpantepec Nieves,65,Ixpantepec Nieves,34
Santiago Niltepec,66,Santiago Niltepec,34
Oaxaca de Juarez,67,Oaxaca de Juarez,34
Ocotlan de Morelos,68,Ocotlan de Morelos,34
La Pe,69,La Pe,34
Pinotepa de Don Luis,70,Pinotepa de Don Luis,34
Pluma Hidalgo,71,Pluma Hidalgo,34
San Jose del Progreso,72,San Jose del Progreso,34
Putla Villa de Guerrero,73,Putla Villa de Guerrero,34
Santa Catarina Quioquitani,74,Santa Catarina Quioquitani,34
Reforma de Pineda,75,Reforma de Pineda,34
La Reforma,76,La Reforma,34
Reyes Etla,77,Reyes Etla,34
Rojas de Cuauhtemoc,78,Rojas de Cuauhtemoc,34
Salina Cruz,79,Salina Cruz,34
San Agustin Amatengo,80,San Agustin Amatengo,34
San Agustin Atenango,81,San Agustin Atenango,34
San Agustin Chayuco,82,San Agustin Chayuco,34
San Agustin de las Juntas,83,San Agustin de las Juntas,34
San Agustin Etla,84,San Agustin Etla,34
San Agustin Loxicha,85,San Agustin Loxicha,34
San Agustin Tlacotepec,86,San Agustin Tlacotepec,34
San Agustin Yatareni,87,San Agustin Yatareni,34
San Andres Cabecera Nueva,88,San Andres Cabecera Nueva,34
San Andres Dinicuiti,89,San Andres Dinicuiti,34
San Andres Huaxpaltepec,90,San Andres Huaxpaltepec,34
San Andres Huayapam,91,San Andres Huayapam,34
San Andres Ixtlahuaca,92,San Andres Ixtlahuaca,34
San Andres Lagunas,93,San Andres Lagunas,34
San Andres Nuxino,94,San Andres Nuxino,34
San Andres Paxtlan,95,San Andres Paxtlan,34
San Andres Sinaxtla,96,San Andres Sinaxtla,34
San Andres Solaga,97,San Andres Solaga,34
San Andres Teotilalpam,98,San Andres Teotilalpam,34
San Andres Tepetlapa,99,San Andres Tepetlapa,34
San Andres Yaa,100,San Andres Yaa,34
San Andres Zabache,101,San Andres Zabache,34
San Andres Zautla,102,San Andres Zautla,34
San Antonino Castillo Velasco,103,San Antonino Castillo Velasco,34
San Antonino el Alto,104,San Antonino el Alto,34
San Antonino Monte Verde,105,San Antonino Monte Verde,34
San Antonio Acutla,106,San Antonio Acutla,34
San Antonio de la Cal,107,San Antonio de la Cal,34
San Antonio Huitepec,108,San Antonio Huitepec,34
San Antonio Nanahuatipam,109,San Antonio Nanahuatipam,34
San Antonio Sinicahua,110,San Antonio Sinicahua,34
San Antonio Tepetlapa,111,San Antonio Tepetlapa,34
San Baltazar Chichicapam,112,San Baltazar Chichicapam,34
San Baltazar Loxicha,113,San Baltazar Loxicha,34
San Baltazar Yatzachi el Bajo,114,San Baltazar Yatzachi el Bajo,34
San Bartolo Coyotepec,115,San Bartolo Coyotepec,34
San Bartolome Ayautla,116,San Bartolome Ayautla,34
San Bartolome Loxicha,117,San Bartolome Loxicha,34
San Bartolome Quialana,118,San Bartolome Quialana,34
San Bartolome Yucuane,119,San Bartolome Yucuane,34
San Bartolome Zoogocho,120,San Bartolome Zoogocho,34
San Bartolo Soyaltepec,121,San Bartolo Soyaltepec,34
San Bartolo Yautepec,122,San Bartolo Yautepec,34
San Bernardo Mixtepec,123,San Bernardo Mixtepec,34
San Blas Atempa,124,San Blas Atempa,34
San Carlos Yautepec,125,San Carlos Yautepec,34
San Cristobal Amatlan,126,San Cristobal Amatlan,34
San Cristobal Amoltepec,127,San Cristobal Amoltepec,34
San Cristobal Lachirioag,128,San Cristobal Lachirioag,34
San Cristobal Suchixtlahuaca,129,San Cristobal Suchixtlahuaca,34
San Dionisio del Mar,130,San Dionisio del Mar,34
San Dionisio Ocotepec,131,San Dionisio Ocotepec,34
San Dionisio Ocotlan,132,San Dionisio Ocotlan,34
San Esteban Atatlahuca,133,San Esteban Atatlahuca,34
San Felipe Jalapa de Diaz,134,San Felipe Jalapa de Diaz,34
San Felipe Tejalapam,135,San Felipe Tejalapam,34
San Felipe Usila,136,San Felipe Usila,34
San Francisco Cahuacua,137,San Francisco Cahuacua,34
San Francisco Cajonos,138,San Francisco Cajonos,34
San Francisco Chapulapa,139,San Francisco Chapulapa,34
San Francisco Chindua,140,San Francisco Chindua,34
San Francisco del Mar,141,San Francisco del Mar,34
San Francisco Huehuetlan,142,San Francisco Huehuetlan,34
San Francisco Ixhuatan,143,San Francisco Ixhuatan,34
San Francisco Jaltepetongo,144,San Francisco Jaltepetongo,34
San Francisco Lachigolo,145,San Francisco Lachigolo,34
San Francisco Logueche,146,San Francisco Logueche,34
San Francisco Nuxano,147,San Francisco Nuxano,34
San Francisco Ozolotepec,148,San Francisco Ozolotepec,34
San Francisco Sola,149,San Francisco Sola,34
San Francisco Telixtlahuaca,150,San Francisco Telixtlahuaca,34
San Francisco Teopan,151,San Francisco Teopan,34
San Francisco Tlapancingo,152,San Francisco Tlapancingo,34
San Gabriel Mixtepec,153,San Gabriel Mixtepec,34
San Ildefonso Amatlan,154,San Ildefonso Amatlan,34
San Ildefonso Sola,155,San Ildefonso Sola,34
San Ildefonso Villa Alta,156,San Ildefonso Villa Alta,34
San Jacinto Amilpas,157,San Jacinto Amilpas,34
San Jacinto Tlacotepec,158,San Jacinto Tlacotepec,34
San Jeronimo Coatlan,159,San Jeronimo Coatlan,34
San Jeronimo Silacayoapilla,160,San Jeronimo Silacayoapilla,34
San Jeronimo Sosola,161,San Jeronimo Sosola,34
San Jeronimo Taviche,162,San Jeronimo Taviche,34
San Jeronimo Tecoatl,163,San Jeronimo Tecoatl,34
San Jorge Nuchita,164,San Jorge Nuchita,34
San Jose Ayuquila,165,San Jose Ayuquila,34
San Jose Chiltepec,166,San Jose Chiltepec,34
San Jose del Penasco,167,San Jose del Penasco,34
San Jose Estancia Grande,168,San Jose Estancia Grande,34
San Jose Independencia,169,San Jose Independencia,34
San Jose Lachiguiri,170,San Jose Lachiguiri,34
San Jose Tenango,171,San Jose Tenango,34
San Juan Achiutla,172,San Juan Achiutla,34
San Juan Atepec,173,San Juan Atepec,34
animas Trujano,174,animas Trujano,34
San Juan Bautista Atatlahuca,175,San Juan Bautista Atatlahuca,34
San Juan Bautista Coixtlahuaca,176,San Juan Bautista Coixtlahuaca,34
San Juan Bautista Cuicatlan,177,San Juan Bautista Cuicatlan,34
San Juan Bautista Guelache,178,San Juan Bautista Guelache,34
San Juan Bautista Jayacatlan,179,San Juan Bautista Jayacatlan,34
San Juan Bautista Lo de Soto,180,San Juan Bautista Lo de Soto,34
San Juan Bautista Suchitepec,181,San Juan Bautista Suchitepec,34
San Juan Bautista Tlacoatzintepec,182,San Juan Bautista Tlacoatzintepec,34
San Juan Bautista Tlachichilco,183,San Juan Bautista Tlachichilco,34
San Juan Bautista Tuxtepec,184,San Juan Bautista Tuxtepec,34
San Juan Cacahuatepec,185,San Juan Cacahuatepec,34
San Juan Cieneguilla,186,San Juan Cieneguilla,34
San Juan Coatzospam,187,San Juan Coatzospam,34
San Juan Colorado,188,San Juan Colorado,34
San Juan Comaltepec,189,San Juan Comaltepec,34
San Juan Cotzocon,190,San Juan Cotzocon,34
San Juan Chicomezuchil,191,San Juan Chicomezuchil,34
San Juan Chilateca,192,San Juan Chilateca,34
San Juan del Estado,193,San Juan del Estado,34
San Juan del Rio,194,San Juan del Rio,34
San Juan Diuxi,195,San Juan Diuxi,34
San Juan Evangelista Analco,196,San Juan Evangelista Analco,34
San Juan Guelavia,197,San Juan Guelavia,34
San Juan Guichicovi,198,San Juan Guichicovi,34
San Juan Ihualtepec,199,San Juan Ihualtepec,34
San Juan Juquila Mixes,200,San Juan Juquila Mixes,34
San Juan Juquila Vijanos,201,San Juan Juquila Vijanos,34
San Juan Lachao,202,San Juan Lachao,34
San Juan Lachigalla,203,San Juan Lachigalla,34
San Juan Lajarcia,204,San Juan Lajarcia,34
San Juan Lalana,205,San Juan Lalana,34
San Juan de los Cues,206,San Juan de los Cues,34
San Juan Mazatlan,207,San Juan Mazatlan,34
San Juan Mixtepec,208,San Juan Mixtepec Distrito 08,34
San Juan Mixtepec,209,San Juan Mixtepec Distrito 26,34
San Juan numi,210,San Juan numi,34
San Juan Ozolotepec,211,San Juan Ozolotepec,34
San Juan Petlapa,212,San Juan Petlapa,34
San Juan Quiahije,213,San Juan Quiahije,34
San Juan Quiotepec,214,San Juan Quiotepec,34
San Juan Sayultepec,215,San Juan Sayultepec,34
San Juan Tabaa,216,San Juan Tabaa,34
San Juan Tamazola,217,San Juan Tamazola,34
San Juan Teita,218,San Juan Teita,34
San Juan Teitipac,219,San Juan Teitipac,34
San Juan Tepeuxila,220,San Juan Tepeuxila,34
San Juan Teposcolula,221,San Juan Teposcolula,34
San Juan Yaee,222,San Juan Yaee,34
San Juan Yatzona,223,San Juan Yatzona,34
San Juan Yucuita,224,San Juan Yucuita,34
San Lorenzo,225,San Lorenzo,34
San Lorenzo Albarradas,226,San Lorenzo Albarradas,34
San Lorenzo Cacaotepec,227,San Lorenzo Cacaotepec,34
San Lorenzo Cuaunecuiltitla,228,San Lorenzo Cuaunecuiltitla,34
San Lorenzo Texmelucan,229,San Lorenzo Texmelucan,34
San Lorenzo Victoria,230,San Lorenzo Victoria,34
San Lucas Camotlan,231,San Lucas Camotlan,34
San Lucas Ojitlan,232,San Lucas Ojitlan,34
San Lucas Quiavini,233,San Lucas Quiavini,34
San Lucas Zoquiapam,234,San Lucas Zoquiapam,34
San Luis Amatlan,235,San Luis Amatlan,34
San Marcial Ozolotepec,236,San Marcial Ozolotepec,34
San Marcos Arteaga,237,San Marcos Arteaga,34
San Martin de los Cansecos,238,San Martin de los Cansecos,34
San Martin Huamelulpam,239,San Martin Huamelulpam,34
San Martin Itunyoso,240,San Martin Itunyoso,34
San Martin Lachila,241,San Martin Lachila,34
San Martin Peras,242,San Martin Peras,34
San Martin Tilcajete,243,San Martin Tilcajete,34
San Martin Toxpalan,244,San Martin Toxpalan,34
San Martin Zacatepec,245,San Martin Zacatepec,34
San Mateo Cajonos,246,San Mateo Cajonos,34
Capulalpam de Mendez,247,Capulalpam de Mendez,34
San Mateo del Mar,248,San Mateo del Mar,34
San Mateo Yoloxochitlan,249,San Mateo Yoloxochitlan,34
San Mateo Etlatongo,250,San Mateo Etlatongo,34
San Mateo Nejapam,251,San Mateo Nejapam,34
San Mateo Penasco,252,San Mateo Penasco,34
San Mateo Pinas,253,San Mateo Pinas,34
San Mateo Rio Hondo,254,San Mateo Rio Hondo,34
San Mateo Sindihui,255,San Mateo Sindihui,34
San Mateo Tlapiltepec,256,San Mateo Tlapiltepec,34
San Melchor Betaza,257,San Melchor Betaza,34
San Miguel Achiutla,258,San Miguel Achiutla,34
San Miguel Ahuehuetitlan,259,San Miguel Ahuehuetitlan,34
San Miguel Aloapam,260,San Miguel Aloapam,34
San Miguel Amatitlan,261,San Miguel Amatitlan,34
San Miguel Amatlan,262,San Miguel Amatlan,34
San Miguel Coatlan,263,San Miguel Coatlan,34
San Miguel Chicahua,264,San Miguel Chicahua,34
San Miguel Chimalapa,265,San Miguel Chimalapa,34
San Miguel del Puerto,266,San Miguel del Puerto,34
San Miguel del Rio,267,San Miguel del Rio,34
San Miguel Ejutla,268,San Miguel Ejutla,34
San Miguel el Grande,269,San Miguel el Grande,34
San Miguel Huautla,270,San Miguel Huautla,34
San Miguel Mixtepec,271,San Miguel Mixtepec,34
San Miguel Panixtlahuaca,272,San Miguel Panixtlahuaca,34
San Miguel Peras,273,San Miguel Peras,34
San Miguel Piedras,274,San Miguel Piedras,34
San Miguel Quetzaltepec,275,San Miguel Quetzaltepec,34
San Miguel Santa Flor,276,San Miguel Santa Flor,34
Villa Sola de Vega,277,Villa Sola de Vega,34
San Miguel Soyaltepec,278,Temascal,34
San Miguel Suchixtepec,279,San Miguel Suchixtepec,34
Villa Talea de Castro,280,Villa Talea de Castro,34
San Miguel Tecomatlan,281,San Miguel Tecomatlan,34
San Miguel Tenango,282,San Miguel Tenango,34
San Miguel Tequixtepec,283,San Miguel Tequixtepec,34
San Miguel Tilquiapam,284,San Miguel Tilquiapam,34
San Miguel Tlacamama,285,San Miguel Tlacamama,34
San Miguel Tlacotepec,286,San Miguel Tlacotepec,34
San Miguel Tulancingo,287,San Miguel Tulancingo,34
San Miguel Yotao,288,San Miguel Yotao,34
San Nicolas,289,San Nicolas,34
San Nicolas Hidalgo,290,San Nicolas Hidalgo,34
San Pablo Coatlan,291,San Pablo Coatlan,34
San Pablo Cuatro Venados,292,San Pablo Cuatro Venados,34
San Pablo Etla,293,San Pablo Etla,34
San Pablo Huitzo,294,San Pablo Huitzo,34
San Pablo Huixtepec,295,San Pablo Huixtepec,34
San Pablo Macuiltianguis,296,San Pablo Macuiltianguis,34
San Pablo Tijaltepec,297,San Pablo Tijaltepec,34
San Pablo Villa de Mitla,298,San Pablo Villa de Mitla,34
San Pablo Yaganiza,299,San Pablo Yaganiza,34
San Pedro Amuzgos,300,San Pedro Amuzgos,34
San Pedro Apostol,301,San Pedro Apostol,34
San Pedro Atoyac,302,San Pedro Atoyac,34
San Pedro Cajonos,303,San Pedro Cajonos,34
San Pedro Coxcaltepec Cantaros,304,San Pedro Coxcaltepec Cantaros,34
San Pedro Comitancillo,305,San Pedro Comitancillo,34
San Pedro el Alto,306,San Pedro el Alto,34
San Pedro Huamelula,307,San Pedro Huamelula,34
San Pedro Huilotepec,308,San Pedro Huilotepec,34
San Pedro Ixcatlan,309,San Pedro Ixcatlan,34
San Pedro Ixtlahuaca,310,San Pedro Ixtlahuaca,34
San Pedro Jaltepetongo,311,San Pedro Jaltepetongo,34
San Pedro Jicayan,312,San Pedro Jicayan,34
San Pedro Jocotipac,313,San Pedro Jocotipac,34
San Pedro Juchatengo,314,San Pedro Juchatengo,34
San Pedro Martir,315,San Pedro Martir,34
San Pedro Martir Quiechapa,316,San Pedro Martir Quiechapa,34
San Pedro Martir Yucuxaco,317,San Pedro Martir Yucuxaco,34
San Pedro Mixtepec,318,San Pedro Mixtepec Distrito 22,34
San Pedro Mixtepec,319,San Pedro Mixtepec Distrito 26,34
San Pedro Molinos,320,San Pedro Molinos,34
San Pedro Nopala,321,San Pedro Nopala,34
San Pedro Ocopetatillo,322,San Pedro Ocopetatillo,34
San Pedro Ocotepec,323,San Pedro Ocotepec,34
San Pedro Pochutla,324,San Pedro Pochutla,34
San Pedro Quiatoni,325,San Pedro Quiatoni,34
San Pedro Sochiapam,326,San Pedro Sochiapam,34
San Pedro Tapanatepec,327,San Pedro Tapanatepec,34
San Pedro Taviche,328,San Pedro Taviche,34
San Pedro Teozacoalco,329,San Pedro Teozacoalco,34
San Pedro Teutila,330,San Pedro Teutila,34
San Pedro Tidaa,331,San Pedro Tidaa,34
San Pedro Topiltepec,332,San Pedro Topiltepec,34
San Pedro Totolapam,333,San Pedro Totolapam,34
Villa de Tututepec de Melchor Ocampo,334,Villa de Tututepec de Melchor Ocampo,34
San Pedro Yaneri,335,San Pedro Yaneri,34
San Pedro Yolox,336,San Pedro Yolox,34
San Pedro y San Pablo Ayutla,337,San Pedro y San Pablo Ayutla,34
Villa de Etla,338,Villa de Etla,34
San Pedro y San Pablo Teposcolula,339,San Pedro y San Pablo Teposcolula,34
San Pedro y San Pablo Tequixtepec,340,San Pedro y San Pablo Tequixtepec,34
San Pedro Yucunama,341,San Pedro Yucunama,34
San Raymundo Jalpan,342,San Raymundo Jalpan,34
San Sebastian Abasolo,343,San Sebastian Abasolo,34
San Sebastian Coatlan,344,San Sebastian Coatlan,34
San Sebastian Ixcapa,345,San Sebastian Ixcapa,34
San Sebastian Nicananduta,346,San Sebastian Nicananduta,34
San Sebastian Rio Hondo,347,San Sebastian Rio Hondo,34
San Sebastian Tecomaxtlahuaca,348,San Sebastian Tecomaxtlahuaca,34
San Sebastian Teitipac,349,San Sebastian Teitipac,34
San Sebastian Tutla,350,San Sebastian Tutla,34
San Simon Almolongas,351,San Simon Almolongas,34
San Simon Zahuatlan,352,San Simon Zahuatlan,34
Santa Ana,353,Santa Ana,34
Santa Ana Ateixtlahuaca,354,Santa Ana Ateixtlahuaca,34
Santa Ana Cuauhtemoc,355,Santa Ana Cuauhtemoc,34
Santa Ana del Valle,356,Santa Ana del Valle,34
Santa Ana Tavela,357,Santa Ana Tavela,34
Santa Ana Tlapacoyan,358,Santa Ana Tlapacoyan,34
Santa Ana Yareni,359,Santa Ana Yareni,34
Santa Ana Zegache,360,Santa Ana Zegache,34
Santa Catalina Quieri,361,Santa Catalina Quieri,34
Santa Catarina Cuixtla,362,Santa Catarina Cuixtla,34
Santa Catarina Ixtepeji,363,Santa Catarina Ixtepeji,34
Santa Catarina Juquila,364,Santa Catarina Juquila,34
Santa Catarina Lachatao,365,Santa Catarina Lachatao,34
Santa Catarina Loxicha,366,Santa Catarina Loxicha,34
Santa Catarina Mechoacan,367,Santa Catarina Mechoacan,34
Santa Catarina Minas,368,Santa Catarina Minas,34
Santa Catarina Quiane,369,Santa Catarina Quiane,34
Santa Catarina Tayata,370,Santa Catarina Tayata,34
Santa Catarina Ticua,371,Santa Catarina Ticua,34
Santa Catarina Yosonotu,372,Santa Catarina Yosonotu,34
Santa Catarina Zapoquila,373,Santa Catarina Zapoquila,34
Santa Cruz Acatepec,374,Santa Cruz Acatepec,34
Santa Cruz Amilpas,375,Santa Cruz Amilpas,34
Santa Cruz de Bravo,376,Santa Cruz de Bravo,34
Santa Cruz Itundujia,377,Santa Cruz Itundujia,34
Santa Cruz Mixtepec,378,Santa Cruz Mixtepec,34
Santa Cruz Nundaco,379,Santa Cruz Nundaco,34
Santa Cruz Papalutla,380,Santa Cruz Papalutla,34
Santa Cruz Tacache de Mina,381,Santa Cruz Tacache de Mina,34
Santa Cruz Tacahua,382,Santa Cruz Tacahua,34
Santa Cruz Tayata,383,Santa Cruz Tayata,34
Santa Cruz Xitla,384,Santa Cruz Xitla,34
Santa Cruz Xoxocotlan,385,Santa Cruz Xoxocotlan,34
Santa Cruz Zenzontepec,386,Santa Cruz Zenzontepec,34
Santa Gertrudis,387,Santa Gertrudis,34
Santa Ines del Monte,388,Santa Ines del Monte,34
Santa Ines Yatzeche,389,Santa Ines Yatzeche,34
Santa Lucia del Camino,390,Santa Lucia del Camino,34
Santa Lucia Miahuatlan,391,Santa Lucia Miahuatlan,34
Santa Lucia Monteverde,392,Santa Lucia Monteverde,34
Santa Lucia Ocotlan,393,Santa Lucia Ocotlan,34
Santa Maria Alotepec,394,Santa Maria Alotepec,34
Santa Maria Apazco,395,Santa Maria Apazco,34
Santa Maria la Asuncion,396,Santa Maria la Asuncion,34
Heroica Ciudad de Tlaxiaco,397,Heroica Ciudad de Tlaxiaco,34
Ayoquezco de Aldama,398,Ayoquezco de Aldama,34
Santa Maria Atzompa,399,Santa Maria Atzompa,34
Santa Maria Camotlan,400,Santa Maria Camotlan,34
Santa Maria Colotepec,401,Santa Maria Colotepec,34
Santa Maria Cortijo,402,Santa Maria Cortijo,34
Santa Maria Coyotepec,403,Santa Maria Coyotepec,34
Santa Maria Chachoapam,404,Santa Maria Chachoapam,34
Villa de Chilapa de Diaz,405,Villa de Chilapa de Diaz,34
Santa Maria Chilchotla,406,Santa Maria Chilchotla,34
Santa Maria Chimalapa,407,Santa Maria Chimalapa,34
Santa Maria del Rosario,408,Santa Maria del Rosario,34
Santa Maria del Tule,409,Santa Maria del Tule,34
Santa Maria Ecatepec,410,Santa Maria Ecatepec,34
Santa Maria Guelace,411,Santa Maria Guelace,34
Santa Maria Guienagati,412,Santa Maria Guienagati,34
Santa Maria Huatulco,413,Santa Maria Huatulco,34
Santa Maria Huazolotitlan,414,Santa Maria Huazolotitlan,34
Santa Maria Ipalapa,415,Santa Maria Ipalapa,34
Santa Maria Ixcatlan,416,Santa Maria Ixcatlan,34
Santa Maria Jacatepec,417,Santa Maria Jacatepec,34
Santa Maria Jalapa del Marques,418,Santa Maria Jalapa del Marques,34
Santa Maria Jaltianguis,419,Santa Maria Jaltianguis,34
Santa Maria Lachixio,420,Santa Maria Lachixio,34
Santa Maria Mixtequilla,421,Santa Maria Mixtequilla,34
Santa Maria Nativitas,422,Santa Maria Nativitas,34
Santa Maria Nduayaco,423,Santa Maria Nduayaco,34
Santa Maria Ozolotepec,424,Santa Maria Ozolotepec,34
Santa Maria Papalo,425,Santa Maria Papalo,34
Santa Maria Penoles,426,Santa Maria Penoles,34
Santa Maria Petapa,427,Santa Maria Petapa,34
Santa Maria Quiegolani,428,Santa Maria Quiegolani,34
Santa Maria Sola,429,Santa Maria Sola,34
Santa Maria Tataltepec,430,Santa Maria Tataltepec,34
Santa Maria Tecomavaca,431,Santa Maria Tecomavaca,34
Santa Maria Temaxcalapa,432,Santa Maria Temaxcalapa,34
Santa Maria Temaxcaltepec,433,Santa Maria Temaxcaltepec,34
Santa Maria Teopoxco,434,Santa Maria Teopoxco,34
Santa Maria Tepantlali,435,Santa Maria Tepantlali,34
Santa Maria Texcatitlan,436,Santa Maria Texcatitlan,34
Santa Maria Tlahuitoltepec,437,Santa Maria Tlahuitoltepec,34
Santa Maria Tlalixtac,438,Santa Maria Tlalixtac,34
Santa Maria Tonameca,439,Santa Maria Tonameca,34
Santa Maria Totolapilla,440,Santa Maria Totolapilla,34
Santa Maria Xadani,441,Santa Maria Xadani,34
Santa Maria Yalina,442,Santa Maria Yalina,34
Santa Maria Yavesia,443,Santa Maria Yavesia,34
Santa Maria Yolotepec,444,Santa Maria Yolotepec,34
Santa Maria Yosoyua,445,Santa Maria Yosoyua,34
Santa Maria Yucuhiti,446,Santa Maria Yucuhiti,34
Santa Maria Zacatepec,447,Santa Maria Zacatepec,34
Santa Maria Zaniza,448,Santa Maria Zaniza,34
Santa Maria Zoquitlan,449,Santa Maria Zoquitlan,34
Santiago Amoltepec,450,Santiago Amoltepec,34
Santiago Apoala,451,Santiago Apoala,34
Santiago Apostol,452,Santiago Apostol,34
Santiago Astata,453,Santiago Astata,34
Santiago Atitlan,454,Santiago Atitlan,34
Santiago Ayuquililla,455,Santiago Ayuquililla,34
Santiago Cacaloxtepec,456,Santiago Cacaloxtepec,34
Santiago Camotlan,457,Santiago Camotlan,34
Santiago Comaltepec,458,Santiago Comaltepec,34
Santiago Chazumba,459,Santiago Chazumba,34
Santiago Choapam,460,Santiago Choapam,34
Santiago del Rio,461,Santiago del Rio,34
Santiago Huajolotitlan,462,Santiago Huajolotitlan,34
Santiago Huauclilla,463,Santiago Huauclilla,34
Santiago Ihuitlan Plumas,464,Santiago Ihuitlan Plumas,34
Santiago Ixcuintepec,465,Santiago Ixcuintepec,34
Santiago Ixtayutla,466,Santiago Ixtayutla,34
Santiago Jamiltepec,467,Santiago Jamiltepec,34
Santiago Jocotepec,468,Monte Negro,34
Santiago Juxtlahuaca,469,Santiago Juxtlahuaca,34
Santiago Lachiguiri,470,Santiago Lachiguiri,34
Santiago Lalopa,471,Santiago Lalopa,34
Santiago Laollaga,472,Santiago Laollaga,34
Santiago Laxopa,473,Santiago Laxopa,34
Santiago Llano Grande,474,Santiago Llano Grande,34
Santiago Matatlan,475,Santiago Matatlan,34
Santiago Miltepec,476,Santiago Miltepec,34
Santiago Minas,477,Santiago Minas,34
Santiago Nacaltepec,478,Santiago Nacaltepec,34
Santiago Nejapilla,479,Santiago Nejapilla,34
Santiago Nundiche,480,Santiago Nundiche,34
Santiago Nuyoo,481,Santiago Nuyoo,34
Santiago Pinotepa Nacional,482,Santiago Pinotepa Nacional,34
Santiago Suchilquitongo,483,Santiago Suchilquitongo,34
Santiago Tamazola,484,Santiago Tamazola,34
Santiago Tapextla,485,Santiago Tapextla,34
Villa Tejupam de la Union,486,Villa Tejupam de la Union,34
Santiago Tenango,487,Santiago Tenango,34
Santiago Tepetlapa,488,Santiago Tepetlapa,34
Santiago Tetepec,489,Santiago Tetepec,34
Santiago Texcalcingo,490,Santiago Texcalcingo,34
Santiago Textitlan,491,Santiago Textitlan,34
Santiago Tilantongo,492,Santiago Tilantongo,34
Santiago Tillo,493,Santiago Tillo,34
Santiago Tlazoyaltepec,494,Santiago Tlazoyaltepec,34
Santiago Xanica,495,Santiago Xanica,34
Santiago Xiacui,496,Santiago Xiacui,34
Santiago Yaitepec,497,Santiago Yaitepec,34
Santiago Yaveo,498,Santiago Yaveo,34
Santiago Yolomecatl,499,Santiago Yolomecatl,34
Santiago Yosondua,500,Santiago Yosondua,34
Santiago Yucuyachi,501,Santiago Yucuyachi,34
Santiago Zacatepec,502,Santiago Zacatepec,34
Santiago Zoochila,503,Santiago Zoochila,34
Nuevo Zoquiapam,504,Nuevo Zoquiapam,34
Santo Domingo Ingenio,505,Santo Domingo Ingenio,34
Santo Domingo Albarradas,506,Santo Domingo Albarradas,34
Santo Domingo Armenta,507,Santo Domingo Armenta,34
Santo Domingo Chihuitan,508,Santo Domingo Chihuitan,34
Santo Domingo de Morelos,509,Santo Domingo de Morelos,34
Santo Domingo Ixcatlan,510,Santo Domingo Ixcatlan,34
Santo Domingo Nuxaa,511,Santo Domingo Nuxaa,34
Santo Domingo Ozolotepec,512,Santo Domingo Ozolotepec,34
Santo Domingo Petapa,513,Santo Domingo Petapa,34
Santo Domingo Roayaga,514,Santo Domingo Roayaga,34
Santo Domingo Tehuantepec,515,Santo Domingo Tehuantepec,34
Santo Domingo Teojomulco,516,Santo Domingo Teojomulco,34
Santo Domingo Tepuxtepec,517,Santo Domingo Tepuxtepec,34
Santo Domingo Tlatayapam,518,Santo Domingo Tlatayapam,34
Santo Domingo Tomaltepec,519,Santo Domingo Tomaltepec,34
Santo Domingo Tonala,520,Santo Domingo Tonala,34
Santo Domingo Tonaltepec,521,Santo Domingo Tonaltepec,34
Santo Domingo Xagacia,522,Santo Domingo Xagacia,34
Santo Domingo Yanhuitlan,523,Santo Domingo Yanhuitlan,34
Santo Domingo Yodohino,524,Santo Domingo Yodohino,34
Santo Domingo Zanatepec,525,Santo Domingo Zanatepec,34
Santos Reyes Nopala,526,Santos Reyes Nopala,34
Santos Reyes Papalo,527,Santos Reyes Papalo,34
Santos Reyes Tepejillo,528,Santos Reyes Tepejillo,34
Santos Reyes Yucuna,529,Santos Reyes Yucuna,34
Santo Tomas Jalieza,530,Santo Tomas Jalieza,34
Santo Tomas Mazaltepec,531,Santo Tomas Mazaltepec,34
Santo Tomas Ocotepec,532,Santo Tomas Ocotepec,34
Santo Tomas Tamazulapan,533,Santo Tomas Tamazulapan,34
San Vicente Coatlan,534,San Vicente Coatlan,34
San Vicente Lachixio,535,San Vicente Lachixio,34
San Vicente Nunu,536,San Vicente Nunu,34
Silacayoapam,537,Silacayoapam,34
Sitio de Xitlapehua,538,Sitio de Xitlapehua,34
Soledad Etla,539,Soledad Etla,34
Villa de Tamazulapam del Progreso,540,Villa de Tamazulapam del Progreso,34
Tanetze de Zaragoza,541,Tanetze de Zaragoza,34
Taniche,542,Taniche,34
Tataltepec de Valdes,543,Tataltepec de Valdes,34
Teococuilco de Marcos Perez,544,Teococuilco de Marcos Perez,34
Teotitlan de Flores Magon,545,Teotitlan de Flores Magon,34
Teotitlan del Valle,546,Teotitlan del Valle,34
Teotongo,547,Teotongo,34
Tepelmeme Villa de Morelos,548,Tepelmeme Villa de Morelos,34
Heroica Villa Tezoatlan de Segura ,549,Heroica Villa Tezoatlan de Segura ,34
San Jeronimo Tlacochahuaya,550,San Jeronimo Tlacochahuaya,34
Tlacolula de Matamoros,551,Tlacolula de Matamoros,34
Tlacotepec Plumas,552,Tlacotepec Plumas,34
Tlalixtac de Cabrera,553,Tlalixtac de Cabrera,34
Totontepec Villa de Morelos,554,Totontepec Villa de Morelos,34
Trinidad Zaachila,555,Trinidad Zaachila,34
La Trinidad Vista Hermosa,556,La Trinidad Vista Hermosa,34
Union Hidalgo,557,Union Hidalgo,34
Valerio Trujano,558,Valerio Trujano,34
San Juan Bautista Valle Nacional,559,San Juan Bautista Valle Nacional,34
Villa Diaz Ordaz,560,Villa Diaz Ordaz,34
Yaxe,561,Yaxe,34
Magdalena Yodocono de Porfirio Diaz,562,Magdalena Yodocono de Porfirio Diaz,34
Yogana,563,Yogana,34
Yutanduchi de Guerrero,564,Yutanduchi de Guerrero,34
Villa de Zaachila,565,Villa de Zaachila,34
San Mateo Yucutindoo,566,San Mateo Yucutindoo,34
Zapotitlan Lagunas,567,Zapotitlan Lagunas,34
Zapotitlan Palmas,568,Zapotitlan Palmas,34
Santa Ines de Zaragoza,569,Santa Ines de Zaragoza,34
Zimatlan de alvarez,570,Zimatlan de alvarez,34
Acajete,1,Acajete,35
Acateno,2,San Jose Acateno,35
Acatlan,3,Acatlan de Osorio,35
Acatzingo,4,Acatzingo de Hidalgo,35
Acteopan,5,Acteopan,35
Ahuacatlan,6,Ahuacatlan,35
Ahuatlan,7,Ahuatlan,35
Ahuazotepec,8,Ahuazotepec,35
Ahuehuetitla,9,Ahuehuetitla,35
Ajalpan,10,Ciudad de Ajalpan,35
Albino Zertuche,11,Acaxtlahuacan de Albino Zertuche,35
Aljojuca,12,Aljojuca,35
Altepexi,13,Altepexi,35
Amixtlan,14,Amixtlan,35
Amozoc,15,Amozoc de Mota,35
Aquixtla,16,Aquixtla,35
Atempan,17,Atempan,35
Atexcal,18,San Martin Atexcal,35
Atlixco,19,Atlixco,35
Atoyatempan,20,Atoyatempan,35
Atzala,21,Atzala,35
Atzitzihuacan,22,Santiago Atzitzihuacan,35
Atzitzintla,23,Atzitzintla,35
Axutla,24,Axutla,35
Ayotoxco de Guerrero,25,Ayotoxco de Guerrero,35
Calpan,26,San Andres Calpan,35
Caltepec,27,Caltepec,35
Camocuautla,28,Camocuautla,35
Caxhuacan,29,Caxhuacan,35
Coatepec,30,Coatepec,35
Coatzingo,31,Coatzingo,35
Cohetzala,32,Santa Maria Cohetzala,35
Cohuecan,33,Cohuecan,35
Coronango,34,Santa Maria Coronango,35
Coxcatlan,35,Coxcatlan,35
Coyomeapan,36,Santa Maria Coyomeapan,35
Coyotepec,37,San Vicente Coyotepec,35
Cuapiaxtla de Madero,38,Cuapiaxtla de Madero,35
Cuautempan,39,San Esteban Cuautempan,35
Cuautinchan,40,Cuautinchan,35
Cuautlancingo,41,San Juan Cuautlancingo,35
Cuayuca de Andrade,42,San Pedro Cuayuca,35
Cuetzalan del Progreso,43,Ciudad de Cuetzalan,35
Cuyoaco,44,Cuyoaco,35
Chalchicomula de Sesma,45,Ciudad Serdan,35
Chapulco,46,Chapulco,35
Chiautla,47,Ciudad de Chiautla de Tapia,35
Chiautzingo,48,San Lorenzo Chiautzingo,35
Chiconcuautla,49,Chiconcuautla,35
Chichiquila,50,Chichiquila,35
Chietla,51,Chietla,35
Chigmecatitlan,52,Chigmecatitlan,35
Chignahuapan,53,Ciudad de Chignahuapan,35
Chignautla,54,Chignautla,35
Chila,55,Chila,35
Chila de la Sal,56,Chila de la Sal,35
Honey,57,Honey,35
Chilchotla,58,Rafael J. Garcia,35
Chinantla,59,Chinantla,35
Domingo Arenas,60,Domingo Arenas,35
Eloxochitlan,61,Eloxochitlan,35
Epatlan,62,San Juan Epatlan,35
Esperanza,63,Esperanza,35
Francisco Z. Mena,64,Metlaltoyuca,35
General Felipe angeles,65,San Pablo de las Tunas,35
Guadalupe,66,Guadalupe,35
Guadalupe Victoria,67,Guadalupe Victoria,35
Hermenegildo Galeana,68,Bienvenido,35
Huaquechula,69,Huaquechula,35
Huatlatlauca,70,Huatlatlauca,35
Huauchinango,71,Huauchinango,35
Huehuetla,72,Huehuetla,35
Huehuetlan el Chico,73,Huehuetlan el Chico,35
Huejotzingo,74,Huejotzingo,35
Hueyapan,75,Hueyapan,35
Hueytamalco,76,Hueytamalco,35
Hueytlalpan,77,Hueytlalpan,35
Huitzilan de Serdan,78,Huitzilan,35
Huitziltepec,79,Santa Clara Huitziltepec,35
Atlequizayan,80,Atlequizayan,35
Ixcamilpa de Guerrero,81,Ixcamilpa,35
Ixcaquixtla,82,San Juan Ixcaquixtla,35
Ixtacamaxtitlan,83,Ixtacamaxtitlan,35
Ixtepec,84,Ixtepec,35
Izucar de Matamoros,85,Izucar de Matamoros,35
Jalpan,86,Jalpan,35
Jolalpan,87,Jolalpan,35
Jonotla,88,Jonotla,35
Jopala,89,Jopala,35
Juan C. Bonilla,90,Cuanala,35
Juan Galindo,91,Nuevo Necaxa,35
Juan N. Mendez,92,Atenayuca,35
Lafragua,93,Saltillo,35
Libres,94,Ciudad de Libres,35
La Magdalena Tlatlauquitepec,95,La Magdalena Tlatlauquitepec,35
Mazapiltepec de Juarez,96,Mazapiltepec de Juarez,35
Mixtla,97,San Francisco Mixtla,35
Molcaxac,98,Molcaxac,35
Canada Morelos,99,Morelos Canada,35
Naupan,100,Naupan,35
Nauzontla,101,Nauzontla,35
Nealtican,102,San Buenaventura Nealtican,35
Nicolas Bravo,103,Nicolas Bravo,35
Nopalucan,104,Nopalucan de la Granja,35
Ocotepec,105,Ocotepec,35
Ocoyucan,106,Santa Clara Ocoyucan,35
Olintla,107,Olintla,35
Oriental,108,Oriental,35
Pahuatlan,109,Ciudad de Pahuatlan de Valle,35
Palmar de Bravo,110,Palmar de Bravo,35
Pantepec,111,Pantepec,35
Petlalcingo,112,Petlalcingo,35
Piaxtla,113,Piaxtla,35
Puebla,114,Heroica Puebla de Zaragoza,35
Quecholac,115,Quecholac,35
Quimixtlan,116,Quimixtlan,35
Rafael Lara Grajales,117,Ciudad de Rafael Lara Grajales,35
Los Reyes de Juarez,118,Los Reyes de Juarez,35
San Andres Cholula,119,San Andres Cholula,35
San Antonio Canada,120,San Antonio Canada,35
San Diego la Mesa Tochimiltzingo,121,Tochimiltzingo,35
San Felipe Teotlalcingo,122,San Felipe Teotlalcingo,35
San Felipe Tepatlan,123,San Felipe Tepatlan,35
San Gabriel Chilac,124,San Gabriel Chilac,35
San Gregorio Atzompa,125,San Gregorio Atzompa,35
San Jeronimo Tecuanipan,126,San Jeronimo Tecuanipan,35
San Jeronimo Xayacatlan,127,San Jeronimo Xayacatlan,35
San Jose Chiapa,128,San Jose Chiapa,35
San Jose Miahuatlan,129,San Jose Miahuatlan,35
San Juan Atenco,130,San Juan Atenco,35
San Juan Atzompa,131,San Juan Atzompa,35
San Martin Texmelucan,132,San Martin Texmelucan de Labastida,35
San Martin Totoltepec,133,San Martin Totoltepec,35
San Matias Tlalancaleca,134,San Matias Tlalancaleca,35
San Miguel Ixitlan,135,San Miguel Ixitlan,35
San Miguel Xoxtla,136,San Miguel Xoxtla,35
San Nicolas Buenos Aires,137,San Nicolas Buenos Aires,35
San Nicolas de los Ranchos,138,San Nicolas de los Ranchos,35
San Pablo Anicano,139,San Pablo Anicano,35
San Pedro Cholula,140,Cholula de Rivadavia,35
San Pedro Yeloixtlahuaca,141,San Pedro Yeloixtlahuaca,35
San Salvador el Seco,142,San Salvador el Seco,35
San Salvador el Verde,143,San Salvador el Verde,35
San Salvador Huixcolotla,144,San Salvador Huixcolotla,35
San Sebastian Tlacotepec,145,Tlacotepec de Porfirio Diaz,35
Santa Catarina Tlaltempan,146,Santa Catarina Tlaltempan,35
Santa Ines Ahuatempan,147,Santa Ines Ahuatempan,35
Santa Isabel Cholula,148,Santa Isabel Cholula,35
Santiago Miahuatlan,149,Santiago Miahuatlan,35
Huehuetlan el Grande,150,Santo Domingo Huehuetlan,35
Santo Tomas Hueyotlipan,151,Santo Tomas Hueyotlipan,35
Soltepec,152,Soltepec,35
Tecali de Herrera,153,Tecali de Herrera,35
Tecamachalco,154,Tecamachalco,35
Tecomatlan,155,Tecomatlan,35
Tehuacan,156,Tehuacan,35
Tehuitzingo,157,Tehuitzingo,35
Tenampulco,158,Tenampulco,35
Teopantlan,159,Teopantlan,35
Teotlalco,160,Teotlalco,35
Tepanco de Lopez,161,Tepanco de Lopez,35
Tepango de Rodriguez,162,Tepango de Rodriguez,35
Tepatlaxco de Hidalgo,163,Tepatlaxco de Hidalgo,35
Tepeaca,164,Tepeaca,35
Tepemaxalco,165,San Felipe Tepemaxalco,35
Tepeojuma,166,Tepeojuma,35
Tepetzintla,167,Tepetzintla,35
Tepexco,168,Tepexco,35
Tepexi de Rodriguez,169,Tepexi de Rodriguez,35
Tepeyahualco,170,Tepeyahualco,35
Tepeyahualco de Cuauhtemoc,171,Tepeyahualco de Cuauhtemoc,35
Tetela de Ocampo,172,Ciudad de Tetela de Ocampo,35
Teteles de Avila Castillo,173,Teteles de Avila Castillo,35
Teziutlan,174,Teziutlan,35
Tianguismanalco,175,Tianguismanalco,35
Tilapa,176,Tilapa,35
Tlacotepec de Benito Juarez,177,Tlacotepec de Benito Juarez,35
Tlacuilotepec,178,Tlacuilotepec,35
Tlachichuca,179,Tlachichuca,35
Tlahuapan,180,Santa Rita Tlahuapan,35
Tlaltenango,181,Tlaltenango,35
Tlanepantla,182,Tlanepantla,35
Tlaola,183,Tlaola,35
Tlapacoya,184,Tlapacoya,35
Tlapanala,185,Tlapanala,35
Tlatlauquitepec,186,Ciudad de Tlatlauquitepec,35
Tlaxco,187,Tlaxco,35
Tochimilco,188,Tochimilco,35
Tochtepec,189,Tochtepec,35
Totoltepec de Guerrero,190,Totoltepec de Guerrero,35
Tulcingo,191,Tulcingo de Valle,35
Tuzamapan de Galeana,192,Tuzamapan de Galeana,35
Tzicatlacoyan,193,Tzicatlacoyan,35
Venustiano Carranza,194,Venustiano Carranza,35
Vicente Guerrero,195,Santa Maria del Monte,35
Xayacatlan de Bravo,196,Xayacatlan de Bravo,35
Xicotepec,197,Xicotepec de Juarez,35
Xicotlan,198,Xicotlan,35
Xiutetelco,199,San Juan Xiutetelco,35
Xochiapulco,200,Cinco de Mayo,35
Xochiltepec,201,Xochiltepec,35
Xochitlan de Vicente Suarez,202,Xochitlan de Vicente Suarez,35
Xochitlan Todos Santos,203,Xochitlan,35
Yaonahuac,204,Yaonahuac,35
Yehualtepec,205,Yehualtepec,35
Zacapala,206,Zacapala,35
Zacapoaxtla,207,Zacapoaxtla,35
Zacatlan,208,Zacatlan,35
Zapotitlan,209,Zapotitlan Salinas,35
Zapotitlan de Mendez,210,Zapotitlan de Mendez,35
Zaragoza,211,Zaragoza,35
Zautla,212,Santiago Zautla,35
Zihuateutla,213,Zihuateutla,35
Zinacatepec,214,San Sebastian Zinacatepec,35
Zongozotla,215,Zongozotla,35
Zoquiapan,216,Zoquiapan,35
Zoquitlan,217,Zoquitlan,35
Amealco de Bonfil,1,Amealco de Bonfil,36
Pinal de Amoles,2,Pinal de Amoles,36
Arroyo Seco,3,Arroyo Seco,36
Cadereyta de Montes,4,Cadereyta de Montes,36
Colon,5,Colon,36
Corregidora,6,El Pueblito,36
Ezequiel Montes,7,Ezequiel Montes,36
Huimilpan,8,Huimilpan,36
Jalpan de Serra,9,Jalpan de Serra,36
Landa de Matamoros,10,Landa de Matamoros,36
El Marques,11,La Canada,36
Pedro Escobedo,12,Pedro Escobedo,36
Penamiller,13,Penamiller,36
Queretaro,14,Santiago de Queretaro,36
San Joaquin,15,San Joaquin,36
San Juan del Rio,16,San Juan del Rio,36
Tequisquiapan,17,Tequisquiapan,36
Toliman,18,Toliman,36
Cozumel,1,Cozumel,37
Felipe Carrillo Puerto,2,Felipe Carrillo Puerto,37
Isla Mujeres,3,Isla Mujeres,37
Othon P. Blanco,4,Chetumal,37
Benito Juarez,5,Cancun,37
Jose Maria Morelos,6,Jose Maria Morelos,37
Lazaro Cardenas,7,Kantunilkin,37
Solidaridad,8,Playa del Carmen,37
Tulum,9,Tulum,37
Bacalar,10,Bacalar,37
Ahualulco,1,Ahualulco del Sonido 13,38
Alaquines,2,Alaquines,38
Aquismon,3,Aquismon,38
Armadillo de los Infante,4,Armadillo de los Infante,38
Cardenas,5,Cardenas,38
Catorce,6,Real de Catorce,38
Cedral,7,Cedral,38
Cerritos,8,Cerritos,38
Cerro de San Pedro,9,Cerro de San Pedro,38
Ciudad del Maiz,10,Ciudad del Maiz,38
Ciudad Fernandez,11,Ciudad Fernandez,38
Tancanhuitz,12,Tancanhuitz,38
Ciudad Valles,13,Ciudad Valles,38
Coxcatlan,14,Coxcatlan,38
Charcas,15,Charcas,38
Ebano,16,Ebano,38
Guadalcazar,17,Guadalcazar,38
Huehuetlan,18,Huehuetlan,38
Lagunillas,19,Lagunillas,38
Matehuala,20,Matehuala,38
Mexquitic de Carmona,21,Mexquitic de Carmona,38
Moctezuma,22,Moctezuma,38
Rayon,23,Rayon,38
Rioverde,24,Rioverde,38
Salinas,25,Salinas de Hidalgo,38
San Antonio,26,San Antonio,38
San Ciro de Acosta,27,San Ciro de Acosta,38
San Luis Potosi,28,San Luis Potosi,38
San Martin Chalchicuautla,29,San Martin Chalchicuautla,38
San Nicolas Tolentino,30,San Nicolas Tolentino,38
Santa Catarina,31,Santa Catarina,38
Santa Maria del Rio,32,Santa Maria del Rio,38
Santo Domingo,33,Santo Domingo,38
San Vicente Tancuayalab,34,San Vicente Tancuayalab,38
Soledad de Graciano Sanchez,35,Soledad de Graciano Sanchez,38
Tamasopo,36,Tamasopo,38
Tamazunchale,37,Tamazunchale,38
Tampacan,38,Tampacan,38
Tampamolon Corona,39,Tampamolon Corona,38
Tamuin,40,Tamuin,38
Tanlajas,41,Tanlajas,38
Tanquian de Escobedo,42,Tanquian de Escobedo,38
Tierra Nueva,43,Tierra Nueva,38
Vanegas,44,Vanegas,38
Venado,45,Venado,38
Villa de Arriaga,46,Villa de Arriaga,38
Villa de Guadalupe,47,Villa de Guadalupe,38
Villa de la Paz,48,Villa de la Paz,38
Villa de Ramos,49,Villa de Ramos,38
Villa de Reyes,50,Villa de Reyes,38
Villa Hidalgo,51,Villa Hidalgo,38
Villa Juarez,52,Villa Juarez,38
Axtla de Terrazas,53,Axtla de Terrazas,38
Xilitla,54,Xilitla,38
Zaragoza,55,Villa de Zaragoza,38
Villa de Arista,56,Villa de Arista,38
Matlapa,57,Matlapa,38
El Naranjo,58,El Naranjo,38
Ahome,1,Los Mochis,39
Angostura,2,Angostura,39
Badiraguato,3,Badiraguato,39
Concordia,4,Concordia,39
Cosala,5,Cosala,39
Culiacan,6,Culiacan Rosales,39
Choix,7,Choix,39
Elota,8,La Cruz,39
Escuinapa,9,Escuinapa de Hidalgo,39
El Fuerte,10,El Fuerte,39
Guasave,11,Guasave,39
Mazatlan,12,Mazatlan,39
Mocorito,13,Mocorito,39
Rosario,14,El Rosario,39
Salvador Alvarado,15,Guamuchil,39
San Ignacio,16,San Ignacio,39
Sinaloa,17,Sinaloa de Leyva,39
Navolato,18,Navolato,39
Aconchi,1,Aconchi,40
Agua Prieta,2,Agua Prieta,40
Alamos,3,Alamos,40
Altar,4,Altar,40
Arivechi,5,Arivechi,40
Arizpe,6,Arizpe,40
Atil,7,Atil,40
Bacadehuachi,8,Bacadehuachi,40
Bacanora,9,Bacanora,40
Bacerac,10,Bacerac,40
Bacoachi,11,Bacoachi,40
Bacum,12,Bacum,40
Banamichi,13,Banamichi,40
Baviacora,14,Baviacora,40
Bavispe,15,Bavispe,40
Benjamin Hill,16,Benjamin Hill,40
Caborca,17,Heroica Caborca,40
Cajeme,18,Ciudad Obregon,40
Cananea,19,Heroica Ciudad de Cananea,40
Carbo,20,Carbo,40
La Colorada,21,La Colorada,40
Cucurpe,22,Cucurpe,40
Cumpas,23,Cumpas,40
Divisaderos,24,Divisaderos,40
Empalme,25,Empalme,40
Etchojoa,26,Etchojoa,40
Fronteras,27,Fronteras,40
Granados,28,Granados,40
Guaymas,29,Heroica Guaymas,40
Hermosillo,30,Hermosillo,40
Huachinera,31,Huachinera,40
Huasabas,32,Huasabas,40
Huatabampo,33,Huatabampo,40
Huepac,34,Huepac,40
Imuris,35,Imuris,40
Magdalena,36,Magdalena de Kino,40
Mazatan,37,Mazatan,40
Moctezuma,38,Moctezuma,40
Naco,39,Naco,40
Nacori Chico,40,Nacori Chico,40
Nacozari de Garcia,41,Nacozari de Garcia,40
Navojoa,42,Navojoa,40
Nogales,43,Heroica Nogales,40
Onavas,44,Onavas,40
Opodepe,45,Opodepe,40
Oquitoa,46,Oquitoa,40
Pitiquito,47,Pitiquito,40
Puerto Penasco,48,Puerto Penasco,40
Quiriego,49,Quiriego,40
Rayon,50,Rayon,40
Rosario,51,Rosario,40
Sahuaripa,52,Sahuaripa,40
San Felipe de Jesus,53,San Felipe de Jesus,40
San Javier,54,San Javier,40
San Luis Rio Colorado,55,San Luis Rio Colorado,40
San Miguel de Horcasitas,56,San Miguel de Horcasitas,40
San Pedro de la Cueva,57,San Pedro de la Cueva,40
Santa Ana,58,Santa Ana,40
Santa Cruz,59,Santa Cruz,40
Saric,60,Saric,40
Soyopa,61,Soyopa,40
Suaqui Grande,62,Suaqui Grande,40
Tepache,63,Tepache,40
Trincheras,64,Trincheras,40
Tubutama,65,Tubutama,40
Ures,66,Heroica Ciudad de Ures,40
Villa Hidalgo,67,Villa Hidalgo,40
Villa Pesqueira,68,Villa Pesqueira (Matape),40
Yecora,69,Yecora,40
General Plutarco Elias Calles,70,Sonoita,40
Benito Juarez,71,Villa Juarez,40
San Ignacio Rio Muerto,72,San Ignacio Rio Muerto,40
Balancan,1,Balancan,41
Cardenas,2,Cardenas,41
Centla,3,Frontera,41
Centro,4,Villahermosa,41
Comalcalco,5,Comalcalco,41
Cunduacan,6,Cunduacan,41
Emiliano Zapata,7,Emiliano Zapata,41
Huimanguillo,8,Huimanguillo,41
Jalapa,9,Jalapa,41
Jalpa de Mendez,10,Jalpa de Mendez,41
Jonuta,11,Jonuta,41
Macuspana,12,Macuspana,41
Nacajuca,13,Nacajuca,41
Paraiso,14,Paraiso,41
Tacotalpa,15,Tacotalpa,41
Teapa,16,Teapa,41
Tenosique,17,Tenosique de Pino Suarez,41
Abasolo,1,Abasolo,42
Aldama,2,Aldama,42
Altamira,3,Altamira,42
Antiguo Morelos,4,Antiguo Morelos,42
Burgos,5,Burgos,42
Bustamante,6,Bustamante,42
Camargo,7,Ciudad Camargo,42
Casas,8,Casas,42
Ciudad Madero,9,Ciudad Madero,42
Cruillas,10,Cruillas,42
Gomez Farias,11,Gomez Farias,42
Gonzalez,12,Gonzalez,42
Guemez,13,Guemez,42
Guerrero,14,Nueva Ciudad Guerrero,42
Gustavo Diaz Ordaz,15,Ciudad Gustavo Diaz Ordaz,42
Hidalgo,16,Hidalgo,42
Jaumave,17,Jaumave,42
Jimenez,18,Santander Jimenez,42
Llera,19,Llera de Canales,42
Mainero,20,Villa Mainero,42
El Mante,21,Ciudad Mante,42
Matamoros,22,Heroica Matamoros,42
Mendez,23,Mendez,42
Mier,24,Mier,42
Miguel Aleman,25,Ciudad Miguel Aleman,42
Miquihuana,26,Miquihuana,42
Nuevo Laredo,27,Nuevo Laredo,42
Nuevo Morelos,28,Nuevo Morelos,42
Ocampo,29,Ocampo,42
Padilla,30,Nueva Villa de Padilla,42
Palmillas,31,Palmillas,42
Reynosa,32,Reynosa,42
Rio Bravo,33,Ciudad Rio Bravo,42
San Carlos,34,San Carlos,42
San Fernando,35,San Fernando,42
San Nicolas,36,San Nicolas,42
Soto la Marina,37,Soto la Marina,42
Tampico,38,Tampico,42
Tula,39,Ciudad Tula,42
Valle Hermoso,40,Valle Hermoso,42
Victoria,41,Ciudad Victoria,42
Villagran,42,Villagran,42
Xicotencatl,43,Xicotencatl,42
Amaxac de Guerrero,1,Amaxac de Guerrero,43
Apetatitlan de Antonio Carvajal,2,Apetatitlan,43
Atlangatepec,3,Atlangatepec,43
Atltzayanca,4,Atlzayanca,43
Apizaco,5,Ciudad de Apizaco,43
Calpulalpan,6,Calpulalpan,43
El Carmen Tequexquitla,7,Villa de El Carmen Tequexquitla,43
Cuapiaxtla,8,Cuapiaxtla,43
Cuaxomulco,9,Cuaxomulco,43
Chiautempan,10,Santa Ana Chiautempan,43
Munoz de Domingo Arenas,11,Munoz,43
Espanita,12,Espanita,43
Huamantla,13,Huamantla,43
Hueyotlipan,14,Hueyotlipan,43
Ixtacuixtla de Mariano Matamoros,15,Villa Mariano Matamoros,43
Ixtenco,16,Ixtenco,43
Mazatecochco de Jose Maria Morelos,17,Mazatecochco,43
Contla de Juan Cuamatzi,18,Contla,43
Tepetitla de Lardizabal,19,Tepetitla,43
Sanctorum de Lazaro Cardenas,20,Sanctorum,43
Nanacamilpa de Mariano Arista,21,Ciudad de Nanacamilpa,43
Acuamanala de Miguel Hidalgo,22,Acuamanala,43
Nativitas,23,Nativitas,43
Panotla,24,Panotla,43
San Pablo del Monte,25,Villa Vicente Guerrero,43
Santa Cruz Tlaxcala,26,Santa Cruz Tlaxcala,43
Tenancingo,27,Tenancingo,43
Teolocholco,28,Teolocholco,43
Tepeyanco,29,Tepeyanco,43
Terrenate,30,Terrenate,43
Tetla de la Solidaridad,31,Tetla,43
Tetlatlahuca,32,Tetlatlahuca,43
Tlaxcala,33,Tlaxcala de Xicohtencatl,43
Tlaxco,34,Tlaxco,43
Tocatlan,35,Tocatlan,43
Totolac,36,San Juan Totolac,43
Ziltlaltepec de Trinidad Sanchez Santos,37,Zitlaltepec,43
Tzompantepec,38,Tzompantepec,43
Xaloztoc,39,Xaloztoc,43
Xaltocan,40,Xaltocan,43
Papalotla de Xicohtencatl,41,Papalotla,43
Xicohtzinco,42,Xicohtzinco,43
Yauhquemehcan,43,San Dionisio Yauhquemehcan,43
Zacatelco,44,Zacatelco,43
Benito Juarez,45,Benito Juarez,43
Emiliano Zapata,46,Emiliano Zapata,43
Lazaro Cardenas,47,Lazaro Cardenas,43
La Magdalena Tlaltelulco,48,La Magdalena Tlaltelulco,43
San Damian Texoloc,49,San Damian Texoloc,43
San Francisco Tetlanohcan,50,San Francisco Tetlanohcan,43
San Jeronimo Zacualpan,51,San Jeronimo Zacualpan,43
San Jose Teacalco,52,San Jose Teacalco,43
San Juan Huactzinco,53,San Juan Huactzinco,43
San Lorenzo Axocomanitla,54,San Lorenzo Axocomanitla,43
San Lucas Tecopilco,55,San Lucas Tecopilco,43
Santa Ana Nopalucan,56,Santa Ana Nopalucan,43
Santa Apolonia Teacalco,57,Santa Apolonia Teacalco,43
Santa Catarina Ayometla,58,Santa Catarina Ayometla,43
Santa Cruz Quilehtla,59,Santa Cruz Quilehtla,43
Santa Isabel Xiloxoxtla,60,Santa Isabel Xiloxoxtla,43
Acajete,1,Acajete,44
Acatlan,2,Acatlan,44
Acayucan,3,Acayucan,44
Actopan,4,Actopan,44
Acula,5,Acula,44
Acultzingo,6,Acultzingo,44
Camaron de Tejeda,7,Camaron de Tejeda,44
Alpatlahuac,8,Alpatlahuac,44
Alto Lucero de Gutierrez Barrios,9,Alto Lucero,44
Altotonga,10,Altotonga,44
Alvarado,11,Alvarado,44
Amatitlan,12,Amatitlan,44
Naranjos Amatlan,13,Naranjos,44
Amatlan de los Reyes,14,Amatlan de los Reyes,44
Angel R. Cabada,15,angel R. Cabada,44
La Antigua,16,Jose Cardel,44
Apazapan,17,Apazapan,44
Aquila,18,Aquila,44
Astacinga,19,Astacinga,44
Atlahuilco,20,Atlahuilco,44
Atoyac,21,Atoyac,44
Atzacan,22,Atzacan,44
Atzalan,23,Atzalan,44
Tlaltetela,24,Tlaltetela,44
Ayahualulco,25,Ayahualulco,44
Banderilla,26,Banderilla,44
Benito Juarez,27,Benito Juarez,44
Boca del Rio,28,Boca del Rio,44
Calcahualco,29,Calcahualco,44
Camerino Z. Mendoza,30,Ciudad Mendoza,44
Carrillo Puerto,31,Tamarindo,44
Catemaco,32,Catemaco,44
Cazones de Herrera,33,Cazones de Herrera,44
Cerro Azul,34,Cerro Azul,44
Citlaltepetl,35,Citlaltepec,44
Coacoatzintla,36,Coacoatzintla,44
Coahuitlan,37,Progreso de Zaragoza,44
Coatepec,38,Coatepec,44
Coatzacoalcos,39,Coatzacoalcos,44
Coatzintla,40,Coatzintla,44
Coetzala,41,Coetzala,44
Colipa,42,Colipa,44
Comapa,43,Comapa,44
Cordoba,44,Cordoba,44
Cosamaloapan de Carpio,45,Cosamaloapan,44
Cosautlan de Carvajal,46,Cosautlan de Carvajal,44
Coscomatepec,47,Coscomatepec de Bravo,44
Cosoleacaque,48,Cosoleacaque,44
Cotaxtla,49,Cotaxtla,44
Coxquihui,50,Coxquihui,44
Coyutla,51,Coyutla,44
Cuichapa,52,Cuichapa,44
Cuitlahuac,53,Cuitlahuac,44
Chacaltianguis,54,Chacaltianguis,44
Chalma,55,Chalma,44
Chiconamel,56,Chiconamel,44
Chiconquiaco,57,Chiconquiaco,44
Chicontepec,58,Chicontepec de Tejeda,44
Chinameca,59,Chinameca,44
Chinampa de Gorostiza,60,Chinampa de Gorostiza,44
Las Choapas,61,Las Choapas,44
Chocaman,62,Chocaman,44
Chontla,63,Chontla,44
Chumatlan,64,Chumatlan,44
Emiliano Zapata,65,Dos Rios,44
Espinal,66,Espinal,44
Filomeno Mata,67,Filomeno Mata,44
Fortin,68,Fortin de las Flores,44
Gutierrez Zamora,69,Gutierrez Zamora,44
Hidalgotitlan,70,Hidalgotitlan,44
Huatusco,71,Huatusco de Chicuellar,44
Huayacocotla,72,Huayacocotla,44
Hueyapan de Ocampo,73,Hueyapan de Ocampo,44
Huiloapan de Cuauhtemoc,74,Huiloapan de Cuauhtemoc,44
Ignacio de la Llave,75,Ignacio de la Llave,44
Ilamatlan,76,Ilamatlan,44
Isla,77,Isla,44
Ixcatepec,78,Ixcatepec,44
Ixhuacan de los Reyes,79,Ixhuacan de los Reyes,44
Ixhuatlan del Cafe,80,Ixhuatlan del Cafe,44
Ixhuatlancillo,81,Ixhuatlancillo,44
Ixhuatlan del Sureste,82,Ixhuatlan del Sureste,44
Ixhuatlan de Madero,83,Ixhuatlan de Madero,44
Ixmatlahuacan,84,Ixmatlahuacan,44
Ixtaczoquitlan,85,Ixtaczoquitlan,44
Jalacingo,86,Jalacingo,44
Xalapa,87,Xalapa-Enriquez,44
Jalcomulco,88,Jalcomulco,44
Jaltipan,89,Jaltipan de Morelos,44
Jamapa,90,Jamapa,44
Jesus Carranza,91,Jesus Carranza,44
Xico,92,Xico,44
Jilotepec,93,Jilotepec,44
Juan Rodriguez Clara,94,Juan Rodriguez Clara,44
Juchique de Ferrer,95,Juchique de Ferrer,44
Landero y Coss,96,Landero y Coss,44
Lerdo de Tejada,97,Lerdo de Tejada,44
Magdalena,98,Magdalena,44
Maltrata,99,Maltrata,44
Manlio Fabio Altamirano,100,Manlio Fabio Altamirano,44
Mariano Escobedo,101,Mariano Escobedo,44
Martinez de la Torre,102,Martinez de la Torre,44
Mecatlan,103,Mecatlan,44
Mecayapan,104,Mecayapan,44
Medellin de Bravo,105,Medellin,44
Miahuatlan,106,Miahuatlan,44
Las Minas,107,Las Minas,44
Minatitlan,108,Minatitlan,44
Misantla,109,Misantla,44
Mixtla de Altamirano,110,Mixtla de Altamirano,44
Moloacan,111,Moloacan,44
Naolinco,112,Naolinco de Victoria,44
Naranjal,113,Naranjal,44
Nautla,114,Nautla,44
Nogales,115,Nogales,44
Oluta,116,Oluta,44
Omealca,117,Omealca,44
Orizaba,118,Orizaba,44
Otatitlan,119,Otatitlan,44
Oteapan,120,Oteapan,44
Ozuluama de Mascarenas,121,Ozuluama de Mascarenas,44
Pajapan,122,Pajapan,44
Panuco,123,Panuco,44
Papantla,124,Papantla de Olarte,44
Paso del Macho,125,Paso del Macho,44
Paso de Ovejas,126,Paso de Ovejas,44
La Perla,127,La Perla,44
Perote,128,Perote,44
Platon Sanchez,129,Platon Sanchez,44
Playa Vicente,130,Playa Vicente,44
Poza Rica de Hidalgo,131,Poza Rica de Hidalgo,44
Las Vigas de Ramirez,132,Las Vigas de Ramirez,44
Pueblo Viejo,133,Cd. Cuauhtemoc,44
Puente Nacional,134,Puente Nacional,44
Rafael Delgado,135,Rafael Delgado,44
Rafael Lucio,136,Rafael Lucio,44
Los Reyes,137,Los Reyes,44
Rio Blanco,138,Rio Blanco,44
Saltabarranca,139,Saltabarranca,44
San Andres Tenejapan,140,San Andres Tenejapan,44
San Andres Tuxtla,141,San Andres Tuxtla,44
San Juan Evangelista,142,San Juan Evangelista,44
Santiago Tuxtla,143,Santiago Tuxtla,44
Sayula de Aleman,144,Sayula de Aleman,44
Soconusco,145,Soconusco,44
Sochiapa,146,Sochiapa,44
Soledad Atzompa,147,Soledad Atzompa,44
Soledad de Doblado,148,Soledad de Doblado,44
Soteapan,149,Soteapan,44
Tamalin,150,Tamalin,44
Tamiahua,151,Tamiahua,44
Tampico Alto,152,Tampico Alto,44
Tancoco,153,Tancoco,44
Tantima,154,Tantima,44
Tantoyuca,155,Tantoyuca,44
Tatatila,156,Tatatila,44
Castillo de Teayo,157,Castillo de Teayo,44
Tecolutla,158,Tecolutla,44
Tehuipango,159,Tehuipango,44
alamo Temapache,160,alamo,44
Tempoal,161,Tempoal de Sanchez,44
Tenampa,162,Tenampa,44
Tenochtitlan,163,Tenochtitlan,44
Teocelo,164,Teocelo,44
Tepatlaxco,165,Tepatlaxco,44
Tepetlan,166,Tepetlan,44
Tepetzintla,167,Tepetzintla,44
Tequila,168,Tequila,44
Jose Azueta,169,Villa Azueta,44
Texcatepec,170,Texcatepec,44
Texhuacan,171,Texhuacan,44
Texistepec,172,Texistepec,44
Tezonapa,173,Tezonapa,44
Tierra Blanca,174,Tierra Blanca,44
Tihuatlan,175,Tihuatlan,44
Tlacojalpan,176,Tlacojalpan,44
Tlacolulan,177,Tlacolulan,44
Tlacotalpan,178,Tlacotalpan,44
Tlacotepec de Mejia,179,Tlacotepec de Mejia,44
Tlachichilco,180,Tlachichilco,44
Tlalixcoyan,181,Tlalixcoyan,44
Tlalnelhuayocan,182,Tlalnelhuayocan,44
Tlapacoyan,183,Tlapacoyan,44
Tlaquilpa,184,Tlaquilpa,44
Tlilapan,185,Tlilapan,44
Tomatlan,186,Tomatlan,44
Tonayan,187,Tonayan,44
Totutla,188,Totutla,44
Tuxpan,189,Tuxpam de Rodriguez Cano,44
Tuxtilla,190,Tuxtilla,44
Ursulo Galvan,191,Ursulo Galvan,44
Vega de Alatorre,192,Vega de Alatorre,44
Veracruz,193,Veracruz,44
Villa Aldama,194,Villa Aldama,44
Xoxocotla,195,Xoxocotla,44
Yanga,196,Yanga,44
Yecuatla,197,Yecuatla,44
Zacualpan,198,Zacualpan,44
Zaragoza,199,Zaragoza,44
Zentla,200,Colonia Manuel Gonzalez,44
Zongolica,201,Zongolica,44
Zontecomatlan de Lopez y Fuentes,202,Zontecomatlan de Lopez y Fuentes,44
Zozocolco de Hidalgo,203,Zozocolco de Hidalgo,44
Agua Dulce,204,Agua Dulce,44
El Higo,205,El Higo,44
Nanchital de Lazaro Cardenas del Rio,206,Nanchital de Lazaro Cardenas del Rio,44
Tres Valles,207,Tres Valles,44
Carlos A. Carrillo,208,Carlos A. Carrillo,44
Tatahuicapan de Juarez,209,Tatahuicapan,44
Uxpanapa,210,Poblado 10,44
San Rafael,211,San Rafael,44
Santiago Sochiapan,212,Xochiapa,44
Abala,1,Abala,45
Acanceh,2,Acanceh,45
Akil,3,Akil,45
Baca,4,Baca,45
Bokoba,5,Bokoba,45
Buctzotz,6,Buctzotz,45
Cacalchen,7,Cacalchen,45
Calotmul,8,Calotmul,45
Cansahcab,9,Cansahcab,45
Cantamayec,10,Cantamayec,45
Celestun,11,Celestun,45
Cenotillo,12,Cenotillo,45
Conkal,13,Conkal,45
Cuncunul,14,Cuncunul,45
Cuzama,15,Cuzama,45
Chacsinkin,16,Chacsinkin,45
Chankom,17,Chankom,45
Chapab,18,Chapab,45
Chemax,19,Chemax,45
Chicxulub Pueblo,20,Chicxulub Pueblo,45
Chichimila,21,Chichimila,45
Chikindzonot,22,Chikindzonot,45
Chochola,23,Chochola,45
Chumayel,24,Chumayel,45
Dzan,25,Dzan,45
Dzemul,26,Dzemul,45
Dzidzantun,27,Dzidzantun,45
Dzilam de Bravo,28,Dzilam de Bravo,45
Dzilam Gonzalez,29,Dzilam Gonzalez,45
Dzitas,30,Dzitas,45
Dzoncauich,31,Dzoncauich,45
Espita,32,Espita,45
Halacho,33,Halacho,45
Hocaba,34,Hocaba,45
Hoctun,35,Hoctun,45
Homun,36,Homun,45
Huhi,37,Huhi,45
Hunucma,38,Hunucma,45
Ixil,39,Ixil,45
Izamal,40,Izamal,45
Kanasin,41,Kanasin,45
Kantunil,42,Kantunil,45
Kaua,43,Kaua,45
Kinchil,44,Kinchil,45
Kopoma,45,Kopoma,45
Mama,46,Mama,45
Mani,47,Mani,45
Maxcanu,48,Maxcanu,45
Mayapan,49,Mayapan,45
Merida,50,Merida,45
Mococha,51,Mococha,45
Motul,52,Motul de Carrillo Puerto,45
Muna,53,Muna,45
Muxupip,54,Muxupip,45
Opichen,55,Opichen,45
Oxkutzcab,56,Oxkutzcab,45
Panaba,57,Panaba,45
Peto,58,Peto,45
Progreso,59,Progreso,45
Quintana Roo,60,Quintana Roo,45
Rio Lagartos,61,Rio Lagartos,45
Sacalum,62,Sacalum,45
Samahil,63,Samahil,45
Sanahcat,64,Sanahcat,45
San Felipe,65,San Felipe,45
Santa Elena,66,Santa Elena,45
Seye,67,Seye,45
Sinanche,68,Sinanche,45
Sotuta,69,Sotuta,45
Sucila,70,Sucila,45
Sudzal,71,Sudzal,45
Suma,72,Suma,45
Tahdziu,73,Tahdziu,45
Tahmek,74,Tahmek,45
Teabo,75,Teabo,45
Tecoh,76,Tecoh,45
Tekal de Venegas,77,Tekal de Venegas,45
Tekanto,78,Tekanto,45
Tekax,79,Tekax de alvaro Obregon,45
Tekit,80,Tekit,45
Tekom,81,Tekom,45
Telchac Pueblo,82,Telchac,45
Telchac Puerto,83,Telchac Puerto,45
Temax,84,Temax,45
Temozon,85,Temozon,45
Tepakan,86,Tepakan,45
Tetiz,87,Tetiz,45
Teya,88,Teya,45
Ticul,89,Ticul,45
Timucuy,90,Timucuy,45
Tinum,91,Tinum,45
Tixcacalcupul,92,Tixcacalcupul,45
Tixkokob,93,Tixkokob,45
Tixmehuac,94,Tixmehuac,45
Tixpehual,95,Tixpehual,45
Tizimin,96,Tizimin,45
Tunkas,97,Tunkas,45
Tzucacab,98,Tzucacab,45
Uayma,99,Uayma,45
Ucu,100,Ucu,45
Uman,101,Uman,45
Valladolid,102,Valladolid,45
Xocchel,103,Xocchel,45
Yaxcaba,104,Yaxcaba,45
Yaxkukul,105,Yaxkukul,45
Yobain,106,Yobain,45
Apozol,1,Apozol,46
Apulco,2,Apulco,46
Atolinga,3,Atolinga,46
Benito Juarez,4,Florencia,46
Calera,5,Victor Rosales,46
Canitas de Felipe Pescador,6,Canitas de Felipe Pescador,46
Concepcion del Oro,7,Concepcion del Oro,46
Cuauhtemoc,8,San Pedro Piedra Gorda,46
Chalchihuites,9,Chalchihuites,46
Fresnillo,10,Fresnillo,46
Trinidad Garcia de la Cadena,11,Trinidad Garcia de la Cadena,46
Genaro Codina,12,Genaro Codina,46
General Enrique Estrada,13,General Enrique Estrada,46
General Francisco R. Murguia,14,Nieves,46
El Plateado de Joaquin Amaro,15,El Plateado de Joaquin Amaro,46
General Panfilo Natera,16,General Panfilo Natera,46
Guadalupe,17,Guadalupe,46
Huanusco,18,Huanusco,46
Jalpa,19,Jalpa,46
Jerez,20,Jerez de Garcia Salinas,46
Jimenez del Teul,21,Jimenez del Teul,46
Juan Aldama,22,Juan Aldama,46
Juchipila,23,Juchipila,46
Loreto,24,Loreto,46
Luis Moya,25,Luis Moya,46
Mazapil,26,Mazapil,46
Melchor Ocampo,27,Melchor Ocampo,46
Mezquital del Oro,28,Mezquital del Oro,46
Miguel Auza,29,Miguel Auza,46
Momax,30,Momax,46
Monte Escobedo,31,Monte Escobedo,46
Morelos,32,Morelos,46
Moyahua de Estrada,33,Moyahua de Estrada,46
Nochistlan de Mejia,34,Nochistlan de Mejia,46
Noria de angeles,35,Noria de angeles,46
Ojocaliente,36,Ojocaliente,46
Panuco,37,Panuco,46
Pinos,38,Pinos,46
Rio Grande,39,Rio Grande,46
Sain Alto,40,Sain Alto,46
El Salvador,41,El Salvador,46
Sombrerete,42,Sombrerete,46
Susticacan,43,Susticacan,46
Tabasco,44,Tabasco,46
Tepechitlan,45,Tepechitlan,46
Tepetongo,46,Tepetongo,46
Teul de Gonzalez Ortega,47,Teul de Gonzalez Ortega,46
Tlaltenango de Sanchez Roman,48,Tlaltenango de Sanchez Roman,46
Valparaiso,49,Valparaiso,46
Vetagrande,50,Vetagrande,46
Villa de Cos,51,Villa de Cos,46
Villa Garcia,52,Villa Garcia,46
Villa Gonzalez Ortega,53,Villa Gonzalez Ortega,46
Villa Hidalgo,54,Villa Hidalgo,46
Villanueva,55,Villanueva,46
Zacatecas,56,Zacatecas,46
Trancoso,57,Trancoso,46
Santa Maria de la Paz,58,Santa Maria de la Paz,46
