Aguascalientes,Ags,446
Baja California,BC,446
Baja California Sur,BCS,446
Campeche,Camp,446
Coahuila de Zaragoza,Coah,446
Colima,Col,446
Chiapas,Chis,446
Chihuahua,Chih,446
Distrito Federal,DF,446
Durango,Dgo,446
Guanajuato,Gto,446
Guerrero,Gro,446
Hidalgo,Hgo,446
Jalisco,Jal,446
Mexico,Mex,446
Michoacan de Ocampo,Mich,446
Morelos,Mor,446
Nayarit,Nay,446
Nuevo Leon,NL,446
Oaxaca,Oax,446
Puebla,Pue,446
Queretaro,Qro,446
Quintana Roo,Q Roo,446
San Luis Potosi,SLP,446
Sinaloa,Sin,446
Sonora,Son,446
Tabasco,Tab,446
Tamaulipas,Tamps,446
Tlaxcala,Tlax,446
Veracruz de Ignacio de la Llave,Ver,446
Yucatan,Yuc,446
Zacatecas,Zac,446
